{"type":"FeatureCollection","features":[{"type":"Feature","properties":{},"geometry":{"type":"LineString","coordinates":[[47.97819,7.99708],[48.93813,9.45175],[48.93854,11.25843]]}},{"type":"Feature","properties":{},"geometry":{"type":"LineString","coordinates":[[47.97819,7.99708],[46.42293,6.49725],[45.93501,5.99721],[44.94054,4.912],[44.91161,4.89991],[43.98887,4.95053],[43.88945,4.93076],[43.82919,4.91143],[43.58352,4.85498],[43.53825,4.84033],[43.33403,4.75041],[43.12572,4.64447],[43.01601,4.56334],[42.93095,4.44531],[42.89478,4.36108],[42.85664,4.32421],[42.79163,4.29201],[42.35517,4.21225],[42.22841,4.20166],[42.02413,4.13794],[41.9153,4.03128],[41.88404,3.97774]]}},{"type":"Feature","properties":{},"geometry":{"type":"LineString","coordinates":[[34.24528,31.20833],[34.34832,31.29292],[34.35018,31.36276],[34.52557,31.52562],[34.52413,31.54164],[34.47736,31.58484]]}},{"type":"Feature","properties":{},"geometry":{"type":"LineString","coordinates":[[35.55145,32.39552],[35.48443,32.40164],[35.40262,32.45063],[35.38671,32.49303],[35.36216,32.50747],[35.30382,32.51293],[35.19323,32.53442],[35.06507,32.46042],[35.0105,32.33818],[34.9995,32.28108],[34.95593,32.16093],[34.97139,32.08709],[34.98978,31.9133],[34.97831,31.86643],[34.95382,31.84126],[34.96115,31.82333],[34.98301,31.81682],[35.05319,31.83795],[35.12714,31.81677],[35.19799,31.77633],[35.20367,31.75003],[35.15344,31.7345],[35.03469,31.67323],[34.95092,31.60228],[34.92922,31.53658],[34.87273,31.3969],[34.88049,31.36816],[34.90777,31.35132],[35.1012,31.3662],[35.27669,31.42279],[35.40872,31.48294],[35.45053,31.47932]]}},{"type":"Feature","properties":{},"geometry":{"type":"LineString","coordinates":[[35.10859,33.08367],[35.22331,33.09199],[35.30888,33.07956],[35.41125,33.07571],[35.49311,33.1195],[35.53254,33.25048],[35.57925,33.27146],[35.60287,33.24061]]}},{"type":"Feature","properties":{},"geometry":{"type":"LineString","coordinates":[[35.78725,32.73493],[35.83328,32.82009],[35.84186,32.87595],[35.88798,32.94438],[35.85902,32.98937],[35.84508,33.08466],[35.8247,33.10802],[35.8172,33.13317],[35.83328,33.1637],[35.82685,33.19512],[35.80862,33.20858],[35.80004,33.25612],[35.78502,33.29109],[35.79253,33.33411],[35.81612,33.36188],[35.84074,33.41566]]}},{"type":"Feature","properties":{},"geometry":{"type":"LineString","coordinates":[[34.00447,35.06525],[33.96571,35.05678],[33.90328,35.08546],[33.86644,35.09359],[33.83197,35.06716],[33.79228,35.0482],[33.72578,35.03732],[33.67539,35.01786],[33.61441,35.02275],[33.52569,35.03869],[33.47582,35.00034],[33.46383,35.00494],[33.45592,35.10142],[33.42424,35.14093],[33.38383,35.16271],[33.32554,35.15362],[33.24834,35.15692],[33.19098,35.17312],[33.0775,35.14618],[32.98592,35.11641],[32.91957,35.08783],[32.86945,35.08938],[32.78408,35.11579],[32.7202,35.14537],[32.71271,35.17106]]}},{"type":"Feature","properties":{},"geometry":{"type":"LineString","coordinates":[[77.79937,35.49592],[77.81089,35.48453],[77.85151,35.46078],[77.89491,35.449],[77.94587,35.47163],[78.00948,35.49024],[78.04271,35.4798],[78.04741,35.44939],[78.00917,35.30694],[78.01222,35.25103],[78.07573,35.13491],[78.23619,34.76982],[78.28197,34.65393],[78.32693,34.60639],[78.67078,34.51815],[78.76308,34.45294],[78.9364,34.35196],[78.97009,34.30261],[78.97692,34.25812],[78.97061,34.2282],[78.93175,34.18895],[78.75305,34.08769],[78.73176,34.05554],[78.72665,34.0134],[78.78375,33.80879],[78.78995,33.65035],[78.80184,33.49971],[78.86509,33.43109],[78.91671,33.38677]]}},{"type":"Feature","properties":{},"geometry":{"type":"LineString","coordinates":[[77.04861,35.1099],[77.00091,34.992],[76.89172,34.93872],[76.78294,34.9002],[76.75752,34.87785],[76.74904,34.84754],[76.69633,34.78692],[76.59443,34.73586],[76.50999,34.74088],[76.45676,34.75612],[76.17244,34.66773],[76.04107,34.66993],[75.93829,34.61256],[75.86207,34.56027],[75.70921,34.50306],[75.60555,34.50275],[75.45248,34.5367],[75.31926,34.58241]]}},{"type":"Feature","properties":{},"geometry":{"type":"LineString","coordinates":[[91.63191,27.75996],[91.71257,27.75983],[91.82471,27.74642],[91.90941,27.72968],[91.97767,27.73035],[92.10128,27.80763],[92.15756,27.81226],[92.22226,27.82693],[92.25052,27.84148],[92.27006,27.83021],[92.34106,27.82076],[92.41486,27.82461],[92.48069,27.84595],[92.54673,27.87918],[92.66435,27.94894],[92.68776,27.98899],[92.68745,28.02573],[92.66559,28.04986],[92.64347,28.06154],[92.65257,28.09338],[92.70187,28.14712],[92.88186,28.22812],[93.03497,28.32765],[93.17088,28.36246],[93.18877,28.43394],[93.31054,28.59831],[93.36053,28.65407],[93.66491,28.69024],[93.76077,28.72977],[93.89736,28.74272],[93.97362,28.8608],[94.06654,28.89095],[94.26558,28.96934],[94.30539,29.05637],[94.29329,29.14463],[94.46806,29.2162],[94.62299,29.31242],[94.67704,29.29702],[94.73337,29.2516],[94.76314,29.20129],[94.76944,29.17587],[94.96752,29.14406],[94.99888,29.14918],[95.14471,29.10406],[95.27907,29.04954],[95.35307,29.0359],[95.38925,29.0374],[95.4202,29.0543],[95.45653,29.10228],[95.49379,29.13701],[95.51694,29.15119],[95.5158,29.20633],[95.71357,29.24323],[95.76831,29.33871],[96.04718,29.36701],[96.12848,29.38139],[96.19478,29.27245],[96.23498,29.24579],[96.3372,29.261],[96.3558,29.24907],[96.33973,29.20979],[96.27054,29.16122],[96.18083,29.11765],[96.1834,29.07417],[96.20121,28.96498],[96.34686,29.02743],[96.4357,29.05068],[96.46706,29.02229],[96.47714,28.95932],[96.55,28.82961],[96.58091,28.76367],[96.48484,28.60738],[96.32986,28.49681],[96.32614,28.46855],[96.27891,28.42819],[96.28149,28.41206],[96.31984,28.38651],[96.36645,28.36726],[96.38908,28.36793],[96.42769,28.40602],[96.60266,28.45992],[96.65284,28.44974],[96.77583,28.36705],[96.83304,28.3624],[96.98088,28.3377],[97.07535,28.36897],[97.14516,28.34031],[97.28949,28.23683],[97.32251,28.21799]]}},{"type":"Feature","properties":{},"geometry":{"type":"LineString","coordinates":[[128.37462,38.62346],[128.33948,38.60788],[128.27933,38.52377],[128.22311,38.41698],[128.16864,38.35931],[128.10627,38.32732],[128.03893,38.30854],[127.9053,38.30043],[127.78463,38.30769],[127.74552,38.31926],[127.57948,38.31249],[127.53271,38.305],[127.29407,38.31327],[127.16958,38.30454],[127.09031,38.28387],[127.00964,38.24051],[126.94009,38.1756],[126.87885,38.10607],[126.75431,37.97897],[126.66682,37.91717],[126.66455,37.80074],[126.63385,37.78185]]}},{"type":"Feature","properties":{},"geometry":{"type":"LineString","coordinates":[[35.91985,4.61985],[35.8456,4.70266],[35.76307,4.80803],[35.75614,4.95047],[35.77924,5.10558],[35.80033,5.15695],[35.78844,5.20811],[35.79144,5.27857],[35.74503,5.34402],[35.46867,5.4191],[35.42397,5.41329],[35.37787,5.38515],[35.32532,5.36489],[35.28759,5.38406],[35.26465,5.41205],[35.26832,5.4923]]}},{"type":"Feature","properties":{},"geometry":{"type":"LineString","coordinates":[[91.63191,27.75996],[91.62937,27.80086],[91.64188,27.92326],[91.6056,27.95171],[91.36758,28.02165],[91.30681,28.06402],[91.27301,28.07839],[91.22588,28.07126],[91.14992,28.02677],[91.07778,27.97447],[91.02078,27.97008],[90.96254,27.99457],[90.90663,28.02653],[90.71573,28.07172],[90.63005,28.07854],[90.4773,28.07085],[90.35276,28.08022],[90.33312,28.094],[90.3337,28.11753]]}},{"type":"Feature","properties":{},"geometry":{"type":"LineString","coordinates":[[24.0,51.60203],[24.12683,51.66462],[24.28005,51.77472],[24.32377,51.83844],[24.3619,51.86753],[24.49518,51.88303],[24.86637,51.89911],[24.9738,51.91115],[25.06672,51.9305],[25.26722,51.93776],[25.58028,51.92474],[25.7858,51.92381],[25.92527,51.91352],[26.26706,51.85503],[26.39439,51.84443],[26.4534,51.81343],[26.56689,51.8019],[26.77349,51.77069],[26.9528,51.754],[27.07414,51.76082],[27.14199,51.75204],[27.27015,51.61357],[27.29635,51.59739],[27.34761,51.59414],[27.45231,51.6061],[27.60134,51.60161],[27.68971,51.57243],[27.67679,51.48993],[27.70005,51.478],[27.74128,51.48257],[27.78888,51.52915],[27.82882,51.57742],[27.85854,51.59241],[28.01078,51.55975],[28.08028,51.56502],[28.14441,51.60166],[28.18374,51.60786],[28.29164,51.58184],[28.42455,51.56362],[28.53209,51.56243],[28.59901,51.54264],[28.64774,51.45652],[28.69027,51.43888],[28.7313,51.43342],[28.79326,51.51034],[28.84954,51.54019],[28.97769,51.57179],[29.01314,51.59892],[29.06079,51.62543],[29.10208,51.62752],[29.13562,51.61729],[29.17422,51.58062],[29.2305,51.49701],[29.29881,51.41304],[29.34651,51.38255],[29.46965,51.40834],[29.55316,51.43459],[29.70602,51.43955],[29.9088,51.458],[30.06378,51.48203],[30.16077,51.47789],[30.21953,51.4512],[30.30898,51.3996],[30.33337,51.32555],[30.44954,51.27434],[30.54452,51.26506],[30.57692,51.31834],[30.63253,51.35542],[30.6117,51.40637],[30.6024,51.47123],[30.56075,51.53148],[30.53295,51.59633],[30.5839,51.68899],[30.66731,51.8141],[30.75531,51.89518],[30.98067,52.04618],[31.07932,52.07698],[31.16846,52.06292],[31.21797,52.05023],[31.34603,52.10537],[31.57371,52.10809],[31.76336,52.10108]]}},{"type":"Feature","properties":{},"geometry":{"type":"LineString","coordinates":[[35.84074,33.41566],[35.78746,33.36977],[35.73444,33.33259],[35.62721,33.27505],[35.60287,33.24061]]}},{"type":"Feature","properties":{},"geometry":{"type":"LineString","coordinates":[[35.84074,33.41566],[35.91474,33.46537],[35.92652,33.50028],[35.96755,33.53459],[36.02223,33.56253],[36.03447,33.58506],[36.02667,33.59792],[35.97169,33.62312],[35.94239,33.66756],[35.96843,33.73241],[35.98616,33.75264],[36.01881,33.78393],[36.09225,33.83158],[36.14981,33.83949],[36.19937,33.83954],[36.28335,33.83561],[36.34856,33.82703],[36.3651,33.83936],[36.36282,33.85514],[36.28226,33.89418],[36.27782,33.92532],[36.29782,33.95865],[36.35492,34.01134],[36.42282,34.04983],[36.45755,34.05681],[36.53517,34.13433],[36.58498,34.22122],[36.50437,34.43237],[36.45553,34.46617],[36.37647,34.49518],[36.32991,34.4996],[36.32629,34.51335],[36.38861,34.56691],[36.43295,34.61349],[36.38391,34.65788],[36.29632,34.67868],[36.26355,34.63285],[35.97623,34.6292]]}},{"type":"Feature","properties":{},"geometry":{"type":"LineString","coordinates":[[34.67993,-12.00888],[34.71491,-12.00278],[34.739,-12.01306],[34.75595,-12.03079],[34.75626,-12.05906],[34.74602,-12.08836],[34.71936,-12.11068],[34.68422,-12.11869],[34.6621,-12.10076],[34.66748,-12.04758],[34.67993,-12.00888]]}},{"type":"Feature","properties":{},"geometry":{"type":"LineString","coordinates":[[80.20935,42.19003],[80.25911,42.23541],[80.25508,42.27416],[80.20578,42.39943],[80.17932,42.51834],[80.16186,42.62554],[80.16501,42.66551],[80.20222,42.73447],[80.25028,42.79728],[80.42401,42.85578],[80.53894,42.87351],[80.54369,42.9117],[80.45068,42.93554],[80.38334,42.97376],[80.3713,42.99562],[80.37451,43.0204],[80.39021,43.04314],[80.61702,43.12827],[80.75123,43.10251],[80.77779,43.11894],[80.78575,43.16155],[80.75701,43.20434],[80.72978,43.27428],[80.66777,43.31007],[80.66539,43.35299],[80.70384,43.42707],[80.65082,43.56416],[80.496,43.8921],[80.43156,43.95176],[80.3958,44.04718],[80.35523,44.09728],[80.36536,44.2233],[80.35492,44.32649],[80.33632,44.4384],[80.35502,44.55198],[80.39104,44.62681],[80.38148,44.65541],[80.40055,44.67691],[80.45543,44.68407],[80.48153,44.71464],[80.45543,44.74608],[80.36081,44.77029],[80.25503,44.80812],[79.99716,44.79721],[79.9321,44.82517],[79.87526,44.86083],[79.87185,44.88377],[79.95019,44.94408],[80.05923,45.00645],[80.22821,45.034],[80.41497,45.0751],[80.50923,45.105],[80.6348,45.1265],[80.78011,45.13557],[80.85334,45.12931],[81.04036,45.16913],[81.60208,45.31083],[81.69205,45.34938],[81.75887,45.31083],[81.78966,45.22603],[81.86749,45.1821],[81.9449,45.16086],[81.98924,45.16184],[82.12277,45.19486],[82.26659,45.2191],[82.32338,45.20587],[82.39666,45.16246],[82.47872,45.12358],[82.52145,45.12549],[82.55897,45.15544],[82.59701,45.21595],[82.62109,45.2931],[82.62579,45.37441],[82.61163,45.42426],[82.58254,45.4426],[82.45164,45.47195],[82.32663,45.51994],[82.31222,45.5637],[82.31521,45.59494],[82.34813,45.67153],[82.42973,45.81193],[82.51169,46.0058],[82.5551,46.15868],[82.69224,46.38668],[82.80004,46.62444],[82.97491,46.96602],[83.00406,47.03351],[83.02943,47.18596],[83.09031,47.20937],[83.19309,47.18655],[83.44352,47.10865],[83.6341,47.0432],[83.71394,47.02106],[83.83264,46.99786],[84.01604,46.97052],[84.12203,46.97863],[84.21515,46.9947],[84.33886,46.99615],[84.53244,46.97579],[84.66665,46.97238],[84.71956,46.93933],[84.74602,46.86437],[84.78617,46.83073],[84.85826,46.84319],[85.01221,46.90923],[85.1106,46.96122],[85.23349,47.03635],[85.48479,47.06351],[85.52975,47.10079],[85.57724,47.18849],[85.65661,47.25464],[85.66984,47.3384],[85.64183,47.39742],[85.58664,47.49366],[85.5883,47.55849],[85.56163,47.74647],[85.52597,47.91563],[85.56225,48.05187],[85.62638,48.20398],[85.69222,48.31183],[85.74937,48.38508],[85.82983,48.40805],[86.05612,48.42371],[86.26557,48.45456],[86.37254,48.48624],[86.48328,48.50536],[86.54943,48.52861],[86.66373,48.63553],[86.71794,48.69718],[86.75784,48.86074],[86.72859,48.93934],[86.75313,49.00882],[86.80832,49.04969],[86.88599,49.09057],[87.04852,49.10992],[87.22995,49.10584],[87.32281,49.08579]]}},{"type":"Feature","properties":{},"geometry":{"type":"LineString","coordinates":[[24.0,53.93262],[24.19132,53.95045],[24.23659,53.91996],[24.31793,53.89299],[24.47854,53.93185],[24.62075,53.97983],[24.76818,53.97464],[24.78922,53.99823],[24.82565,54.119],[24.86952,54.14517],[25.04605,54.13308],[25.11142,54.15494],[25.17953,54.21426],[25.28366,54.25126],[25.37058,54.25121],[25.46116,54.29278],[25.50561,54.26496],[25.52736,54.21514],[25.49739,54.17525],[25.51041,54.15961],[25.57304,54.13987],[25.68053,54.14047],[25.74926,54.15698],[25.76518,54.17979],[25.76507,54.22119],[25.74812,54.25969],[25.7026,54.29299],[25.61687,54.3101],[25.55754,54.31069],[25.54736,54.33183],[25.56762,54.37707],[25.62033,54.4604],[25.68518,54.53579],[25.72477,54.56424],[25.73169,54.59036],[25.72394,54.63602],[25.72249,54.71787],[25.78083,54.83327],[25.85928,54.91928],[25.96444,54.94716],[26.09301,54.9623],[26.17518,55.00328],[26.21585,55.05039],[26.25078,55.12449],[26.29176,55.13958],[26.6012,55.1302],[26.64843,55.2042],[26.67504,55.2249],[26.73442,55.24676],[26.77571,55.27311],[26.76021,55.29334],[26.6813,55.30644],[26.49531,55.31802],[26.45764,55.34246],[26.46958,55.37194],[26.51924,55.44814],[26.56658,55.54648],[26.59086,55.62265],[26.59355,55.66751]]}},{"type":"Feature","properties":{},"geometry":{"type":"LineString","coordinates":[[116.6833,49.82378],[116.24338,49.17038],[116.0344,48.84002],[116.02551,48.78229],[115.95378,48.68938],[115.82056,48.57724],[115.79167,48.4557],[115.79658,48.34635],[115.78552,48.24822],[115.63948,48.18621],[115.52507,48.13086],[115.55763,47.94503],[115.61639,47.8748],[115.71168,47.79894],[115.89823,47.68693],[115.99388,47.71133],[116.07486,47.78954],[116.23118,47.85822],[116.31717,47.85984],[116.37825,47.84406],[116.51344,47.83956],[116.65193,47.86452],[116.76055,47.86979],[116.90116,47.85307],[117.06973,47.80638],[117.19706,47.74029],[117.2859,47.66634],[117.3508,47.65218],[117.38398,47.67575],[117.45514,47.74138],[117.55534,47.80468],[117.7684,47.98787],[117.84049,47.99986],[117.97919,47.99963],[118.04187,48.01893],[118.14703,48.0289],[118.23969,47.9995],[118.49838,47.984],[118.56778,47.94328],[118.75991,47.7576],[119.01757,47.68536],[119.08196,47.65415],[119.12294,47.55849],[119.16242,47.52521],[119.29084,47.47263],[119.30856,47.43072],[119.32593,47.41018],[119.37667,47.38088],[119.52695,47.25593],[119.60017,47.22244],[119.71117,47.14999],[119.75727,47.09005],[119.75985,47.027],[119.78853,46.97881],[119.86269,46.90659],[119.89783,46.85781],[119.88413,46.79143],[119.89587,46.73286],[119.86724,46.67219],[119.74745,46.62718],[119.70663,46.60602],[119.62022,46.60395],[119.47408,46.62666],[119.33187,46.6138],[119.16206,46.63868],[119.02853,46.69219],[118.95716,46.73485],[118.84394,46.76022],[118.7903,46.7471],[118.72291,46.69188],[118.64871,46.70165],[118.58044,46.69188],[118.40438,46.70317],[118.30868,46.71705],[118.15685,46.67857],[118.07127,46.66658],[117.91046,46.61933],[117.81351,46.5377],[117.74127,46.51814],[117.67104,46.5221],[117.54686,46.58827],[117.43813,46.58625],[117.40558,46.57088],[117.35638,46.43665],[117.3569,46.3913],[117.33344,46.36203],[117.26905,46.35226],[116.97878,46.36177],[116.85905,46.38794],[116.78701,46.37668],[116.68888,46.32198],[116.61937,46.31309],[116.56258,46.28981],[116.51669,46.20907],[116.35763,46.09657],[116.21299,45.88689],[116.22911,45.84573],[116.24058,45.79599],[116.19764,45.73938],[116.10984,45.68669],[116.03956,45.67693],[115.93414,45.62616],[115.78914,45.53479],[115.68103,45.45826],[115.53944,45.4395],[115.4395,45.41997],[115.16261,45.39025],[114.91922,45.37829],[114.73876,45.41961],[114.6443,45.41327],[114.56017,45.38999],[114.51723,45.36462],[114.48726,45.27173],[114.41909,45.20259],[114.28107,45.11089],[114.16743,45.04986],[114.0803,44.97116],[114.03033,44.94258],[113.87706,44.89617],[113.75216,44.82592],[113.65263,44.76347],[113.587,44.74572],[113.50794,44.76233],[113.30092,44.79163],[113.19612,44.79484],[113.04946,44.81034],[112.70674,44.88346],[112.59678,44.91767],[112.49931,45.01092],[112.41131,45.05818],[112.11293,45.06293],[112.03268,45.08162],[111.89801,45.06405],[111.75104,44.96956],[111.68148,44.89917],[111.62128,44.82713],[111.54743,44.67291],[111.51478,44.56981],[111.48945,44.51157],[111.41091,44.4192],[111.40222,44.36727],[111.42956,44.32236],[111.4862,44.27161],[111.51974,44.19188],[111.60262,44.10713],[111.68376,44.04114],[111.83693,43.93468],[111.93175,43.81495],[111.94286,43.75242],[111.93315,43.71144],[111.87816,43.68018],[111.77114,43.6646],[111.71972,43.62116],[111.54733,43.49631],[111.50351,43.4928],[111.18684,43.39198],[111.08648,43.36877],[111.00721,43.34139],[110.83957,43.19411],[110.70857,43.07388],[110.62749,42.99053],[110.46171,42.84416],[110.42962,42.81359],[110.40042,42.77367],[110.28891,42.74274],[110.05802,42.6606],[109.85875,42.60626],[109.69804,42.55379],[109.59556,42.51053],[109.44317,42.45596],[109.33982,42.43837],[109.13166,42.44056],[108.68735,42.41612],[108.54648,42.42932],[108.17121,42.44733],[108.06232,42.42718],[107.7487,42.40098],[107.29235,42.34925],[107.09076,42.32155],[106.90606,42.30886],[106.77005,42.28874],[106.5188,42.21158],[106.31721,42.14058],[105.86757,41.994],[105.31433,41.77089],[105.19712,41.73805],[105.11548,41.6633],[105.05057,41.61594],[104.98205,41.59552],[104.8603,41.64374],[104.77369,41.64118],[104.49825,41.6587],[104.49825,41.87698],[103.71112,41.7513],[103.07281,42.00596],[102.57522,42.09211],[102.15669,42.1581],[101.97293,42.21587],[101.87991,42.29233],[101.71382,42.46581],[101.65998,42.50004],[101.5791,42.52355],[101.49528,42.53875],[101.31374,42.53787],[101.09195,42.5513],[100.08633,42.67073],[99.9838,42.67734],[99.46786,42.5682],[97.71892,42.73628],[97.20567,42.78979],[96.6253,42.74385],[96.38547,42.72034],[96.35239,42.7468],[96.34247,42.84932],[96.29948,42.9287],[96.16842,43.01448],[96.08032,43.09613],[95.91252,43.20651],[95.85961,43.27596],[95.84204,43.38371],[95.68732,43.66405],[95.5912,43.85363],[95.52557,43.95396],[95.47131,43.98618],[95.35643,44.00597],[95.32553,44.03935],[95.32553,44.10488],[95.34367,44.19539],[95.36682,44.26154],[95.35028,44.27807],[95.04984,44.25942],[94.86597,44.30334],[94.71198,44.35083],[94.49432,44.47253],[94.36471,44.51951],[94.19935,44.64518],[93.95791,44.67495],[93.86815,44.7242],[93.75524,44.83194],[93.65643,44.90098],[93.51624,44.94447],[93.29439,44.98317],[92.78786,45.03573],[92.57893,45.011],[92.4238,45.00893],[92.1726,45.03524],[92.02976,45.06852],[91.73779,45.06895],[91.58436,45.07653],[91.51005,45.09823],[91.44106,45.12474],[91.31208,45.11812],[91.2218,45.14451],[91.13772,45.19393],[91.04998,45.21745],[90.9536,45.2159],[90.91397,45.19393],[90.87728,45.1961],[90.85325,45.26287],[90.76317,45.37067],[90.74958,45.41893],[90.69444,45.47464],[90.66184,45.52523],[90.67072,45.59515],[90.70964,45.7308],[90.79594,45.85353],[90.85247,45.88542],[90.95975,45.98507],[91.00171,46.03577],[90.9968,46.10499],[90.94755,46.17731],[90.91154,46.27064],[90.91825,46.32425],[90.97143,46.38797],[91.03391,46.52899],[91.02889,46.56607],[91.00424,46.59573],[90.98569,46.74903],[90.86994,46.9545],[90.79904,46.98514],[90.71553,47.00385],[90.49621,47.28518],[90.47647,47.32882],[90.46748,47.40817],[90.42521,47.50408],[90.34749,47.59699],[90.33064,47.65515],[90.31333,47.67619],[90.19096,47.7021],[90.10321,47.74541],[90.06658,47.80354],[90.05386,47.85049],[90.02787,47.8777],[89.95867,47.88633],[89.91046,47.84432],[89.83134,47.82331],[89.77817,47.827],[89.72561,47.85248],[89.69321,47.87915],[89.63849,47.90907],[89.56097,48.00394],[89.47922,48.02906],[89.32988,48.02487],[89.19634,47.9809],[89.11568,47.98772],[89.04767,48.00255],[88.91781,48.089],[88.83833,48.10172],[88.57602,48.22018],[88.56682,48.31741],[88.51711,48.38449],[88.41396,48.40343],[88.30999,48.47208],[88.15816,48.50908],[88.06256,48.53784],[87.97973,48.55512],[87.96738,48.58107],[87.97223,48.60334],[88.05016,48.67504],[88.06008,48.70716],[88.02794,48.7356],[87.94216,48.76529],[87.83183,48.79165],[87.80914,48.83573],[87.7432,48.88162],[87.75473,48.91856],[87.80687,48.94549],[87.85984,48.96554],[87.87219,49.00014],[87.83467,49.03192],[87.81632,49.08026],[87.82521,49.11633],[87.8141,49.1633]]}},{"type":"Feature","properties":{},"geometry":{"type":"LineString","coordinates":[[27.35195,57.52812],[27.32658,57.52548],[27.18711,57.53835],[27.03342,57.57876],[26.96603,57.60915],[26.89978,57.60878],[26.81974,57.58873],[26.53268,57.53101],[26.46209,57.54447],[26.29806,57.60108],[26.21507,57.66273],[26.03038,57.78557],[26.01519,57.81477],[25.99111,57.8382],[25.79381,57.86856],[25.72089,57.91383],[25.66017,57.92019],[25.57129,57.94277],[25.33998,58.03943],[25.28262,58.0485],[25.26867,58.03222],[25.2727,58.00938],[25.25828,57.99615],[25.22872,57.99656],[25.17514,58.03212],[25.11106,58.06343],[24.91128,58.00457],[24.83903,57.98873],[24.77578,57.98525],[24.4589,57.90786],[24.36247,57.86618],[24.32253,57.8706]]}},{"type":"Feature","properties":{},"geometry":{"type":"LineString","coordinates":[[27.35195,57.52812],[27.46967,57.52403],[27.51112,57.50817],[27.53871,57.4298],[27.79689,57.31694],[27.82862,57.2933],[27.83823,57.24769],[27.83022,57.19447],[27.81456,57.1669],[27.76278,57.13512],[27.71741,57.05463],[27.7111,56.97807],[27.63948,56.84565],[27.65571,56.84322],[27.80609,56.86707],[27.84867,56.85343],[27.88153,56.82418],[27.89208,56.74108],[27.94137,56.70372],[27.9916,56.64533],[28.00752,56.59985],[28.10317,56.54572],[28.11087,56.51069],[28.16927,56.38687],[28.1917,56.31556],[28.20203,56.26039],[28.17335,56.19034],[28.14793,56.14293]]}},{"type":"Feature","properties":{},"geometry":{"type":"LineString","coordinates":[[24.0,56.29669],[24.12068,56.26427],[24.3679,56.28302],[24.47368,56.28406],[24.52897,56.29631],[24.69951,56.38129],[24.841,56.41118],[24.90306,56.39821],[24.94383,56.32561],[25.06987,56.20039],[25.20697,56.17841],[25.58576,56.13017],[25.66322,56.10484],[25.87633,55.99436],[26.00423,55.94015],[26.08552,55.8969],[26.20959,55.81212],[26.28122,55.75045],[26.40111,55.70378],[26.54286,55.67242],[26.59355,55.66751]]}},{"type":"Feature","properties":{},"geometry":{"type":"LineString","coordinates":[[24.0,68.7978],[24.15411,68.76087],[24.33198,68.71152],[24.70323,68.65281],[24.80245,68.60651],[24.94135,68.59328],[25.08687,68.63958],[25.17286,68.76526],[25.24914,68.82133],[25.35714,68.86246],[25.4809,68.88063],[25.57527,68.88717],[25.64663,68.91915],[25.74833,68.99016],[25.76817,69.07615],[25.74869,69.23143],[25.76724,69.28267],[25.85024,69.36649],[25.96155,69.58862],[26.01152,69.65265],[26.07245,69.69156],[26.15616,69.71471],[26.30819,69.78194],[26.52544,69.91506],[26.58425,69.92633],[26.74021,69.93304],[26.93425,69.92814],[27.10866,69.90467],[27.12752,69.90648],[27.20571,69.91868],[27.34803,69.96005],[27.59173,70.04224],[27.7479,70.06482],[27.88991,70.06167],[28.04721,69.9717],[28.26916,69.87145],[28.41173,69.82277],[28.80034,69.73151],[29.14161,69.67146],[29.33343,69.47302],[29.23882,69.39393],[29.19174,69.36672],[29.02487,69.28797],[28.84628,69.17689],[28.83264,69.11899],[28.89191,69.06059],[28.96586,69.02199]]}},{"type":"Feature","properties":{},"geometry":{"type":"LineString","coordinates":[[104.42637,10.41125],[104.46699,10.42236],[104.51407,10.46334],[104.56429,10.51595],[104.68966,10.52326],[104.81544,10.52078],[104.85053,10.53447],[104.90128,10.59026],[104.98386,10.66193],[105.04638,10.70167],[105.06111,10.73379],[105.0361,10.80939],[105.0223,10.88686],[105.04571,10.91138],[105.1595,10.89758],[105.28425,10.86146],[105.31469,10.84518],[105.38647,10.94008],[105.40579,10.95163],[105.45272,10.95142],[105.57653,10.96892],[105.69777,10.99406],[105.75513,10.98998],[105.81073,10.92605],[105.85331,10.86357],[105.87522,10.85851],[105.93816,10.88518],[105.99015,10.85179],[106.09888,10.79727],[106.16399,10.79495],[106.13154,10.92197],[106.16792,11.01233],[106.16089,11.0371],[106.0995,11.07868],[105.89166,11.24484],[105.85605,11.2943],[105.86091,11.37243],[105.85398,11.48708],[105.83538,11.55914],[105.83853,11.60133],[105.85145,11.635],[105.8899,11.64838],[105.92659,11.65293],[105.95625,11.68249],[106.00607,11.75799],[106.10296,11.75127],[106.3399,11.68182],[106.39917,11.68704],[106.4125,11.69779],[106.41777,11.9117],[106.4139,11.94842],[106.49963,11.96552],[106.63094,11.96919],[106.70013,11.97932],[106.76468,12.05234],[106.93066,12.07751],[107.05065,12.1759],[107.15897,12.27703],[107.21209,12.30398],[107.27963,12.32157],[107.33002,12.31904],[107.39337,12.26049],[107.44598,12.29568],[107.50644,12.36454],[107.53812,12.43177],[107.55543,12.53998],[107.54354,12.70589],[107.51151,12.83573],[107.48153,12.93311],[107.47544,13.03037],[107.54551,13.22545],[107.60545,13.43781],[107.59398,13.52166],[107.52861,13.65421],[107.38945,13.993],[107.36216,14.01948],[107.34263,14.06888],[107.33141,14.12663],[107.3604,14.30786],[107.36443,14.36868],[107.44846,14.45124],[107.49321,14.54575],[107.53522,14.64996],[107.51941,14.7051]]}},{"type":"Feature","properties":{},"geometry":{"type":"LineString","coordinates":[[46.42991,41.89096],[46.41157,41.90463],[46.2678,41.96033],[46.21266,41.98989],[46.1598,41.99206],[46.04849,42.00875],[45.95402,42.03539],[45.91041,42.07071],[45.84602,42.10994],[45.72654,42.15887],[45.63859,42.20507],[45.63425,42.23474],[45.68835,42.35736],[45.72758,42.47503],[45.70525,42.49808],[45.65554,42.51766],[45.56294,42.53575],[45.34372,42.52978],[45.20823,42.64825],[45.16027,42.67502],[45.0716,42.69416],[44.94339,42.73026],[44.87099,42.75638],[44.85052,42.74682],[44.77105,42.61678],[44.69177,42.70964],[44.64433,42.73473],[44.57643,42.74848],[44.50589,42.74866],[44.32952,42.70349],[44.10271,42.61637],[44.00468,42.59559],[43.95745,42.56655],[43.82599,42.57151],[43.75984,42.59383],[43.73834,42.61699],[43.74992,42.6575],[43.79539,42.70298],[43.7987,42.72778],[43.78258,42.747],[43.62311,42.80772],[43.55779,42.84447],[43.34798,42.89666],[43.08918,42.98906],[43.00015,43.04967],[42.99162,43.09148],[42.89002,43.13261],[42.76063,43.16956],[42.66027,43.15907],[42.56601,43.15514],[42.41904,43.22424],[42.27967,43.22806],[42.12221,43.20734],[42.04997,43.19013],[41.58054,43.21925],[41.46076,43.2763],[41.35823,43.33338],[41.08311,43.37448],[40.94203,43.41807],[40.80168,43.47993],[40.64799,43.53391],[40.51901,43.51202],[40.34227,43.54274],[40.15014,43.5698],[40.08461,43.5531],[40.02374,43.48484],[39.97831,43.41983]]}},{"type":"Feature","properties":{},"geometry":{"type":"LineString","coordinates":[[41.51006,41.51749],[41.57651,41.49731],[41.70172,41.47158],[41.77939,41.44052],[41.82353,41.43236],[41.92574,41.49566],[42.07777,41.49411],[42.21115,41.48672],[42.36437,41.45401],[42.46638,41.43985],[42.50793,41.47005],[42.56736,41.5593],[42.60684,41.57881],[42.68239,41.58573],[42.75411,41.57891],[42.78786,41.56372],[42.82171,41.4924],[42.90677,41.46685],[43.05714,41.35285],[43.14897,41.30714],[43.17125,41.28795],[43.14096,41.26485],[43.15285,41.23642],[43.20551,41.19917],[43.2793,41.18521],[43.35894,41.19012],[43.4024,41.17656],[43.4334,41.15552],[43.44157,41.12599],[43.43945,41.1071]]}},{"type":"Feature","properties":{},"geometry":{"type":"LineString","coordinates":[[101.13892,21.56747],[101.19665,21.52205],[101.17535,21.40753],[101.20559,21.38329],[101.2199,21.34242],[101.21184,21.27824],[101.22445,21.22372],[101.24791,21.19731],[101.2815,21.18413],[101.44361,21.2308],[101.54236,21.23426],[101.58391,21.20356],[101.62163,21.18444],[101.66861,21.16964],[101.70478,21.15013],[101.72809,21.15638],[101.78348,21.20413],[101.80054,21.21261],[101.80209,21.23597],[101.72292,21.31493],[101.72416,21.39503],[101.74349,21.53383],[101.74721,21.60576],[101.7439,21.778],[101.73651,21.82652],[101.69956,21.88249],[101.60293,21.98972],[101.5758,22.05527],[101.56024,22.12092],[101.56184,22.16242],[101.53724,22.20986],[101.52448,22.25365],[101.56789,22.27639],[101.61998,22.32745],[101.64618,22.4054],[101.67145,22.46232],[101.70752,22.48659],[101.73878,22.49527],[101.76002,22.49031],[101.84177,22.38848],[101.94544,22.43941],[102.0244,22.4392],[102.09147,22.41225],[102.12744,22.3792]]}},{"type":"Feature","properties":{},"geometry":{"type":"LineString","coordinates":[[73.63166,39.44886],[73.71574,39.46227],[73.82292,39.48896],[73.87278,39.5333],[73.90715,39.57851],[73.91469,39.60647],[73.88255,39.71455],[73.83976,39.76284],[73.83537,39.80015],[73.85625,39.82868],[73.93877,39.97883],[73.99159,40.04314],[74.02053,40.05936],[74.08512,40.0743],[74.24268,40.09202],[74.41192,40.13719],[74.61305,40.27217],[74.67987,40.31061],[74.76777,40.32986],[74.8305,40.32849],[74.84177,40.34498],[74.80125,40.42854],[74.81112,40.45877],[74.8351,40.48259],[74.86559,40.4935],[75.00455,40.4495],[75.11131,40.45412],[75.24102,40.48029],[75.5208,40.62755],[75.55557,40.6252],[75.58353,40.60533],[75.61743,40.5166],[75.65598,40.32927],[75.67717,40.30581],[75.87199,40.3032],[76.00428,40.37144],[76.06231,40.38754],[76.15662,40.37648],[76.20608,40.40839],[76.25832,40.43074],[76.31853,40.35227],[76.39635,40.38981],[76.48017,40.44952],[76.52094,40.51125],[76.57789,40.57789],[76.62218,40.66238],[76.6398,40.74222],[76.66119,40.77966],[76.70842,40.81813],[76.82408,40.9823],[76.90774,41.02419],[76.98665,41.03915],[77.18209,41.01073],[77.284,41.01434],[77.58176,40.99277],[77.71932,41.02429],[77.81523,41.05561],[77.95641,41.0507],[78.12343,41.07563],[78.34626,41.28146],[78.34884,41.3252],[78.36238,41.37161],[78.44289,41.41755],[78.54314,41.45959],[78.74262,41.56005],[79.14843,41.71913],[79.29359,41.78282],[79.35441,41.78107],[79.76612,41.89886],[79.84043,41.99573],[79.90968,42.01501],[80.21622,42.03242],[80.23513,42.04348],[80.24619,42.05981],[80.20935,42.19003]]}},{"type":"Feature","properties":{},"geometry":{"type":"LineString","coordinates":[[43.43945,41.1071],[43.49195,41.11553],[43.64502,41.11666],[43.79322,41.13108],[43.90919,41.15899],[44.07724,41.1825],[44.14654,41.20338],[44.22736,41.21335],[44.47303,41.191],[44.56486,41.20821],[44.84138,41.21136],[44.84851,41.22017],[44.81094,41.24859],[44.81135,41.25937],[44.97589,41.27748],[45.00142,41.29097]]}},{"type":"Feature","properties":{},"geometry":{"type":"LineString","coordinates":[[80.20935,42.19003],[80.07132,42.303],[79.92104,42.41312],[79.80343,42.43847],[79.59838,42.45663],[79.49011,42.45756],[79.42826,42.48351],[79.3678,42.54722],[79.29545,42.60484],[79.203,42.666],[79.16481,42.75902],[79.12667,42.77574],[79.05986,42.7638],[78.94798,42.76669],[78.88514,42.77488],[78.7915,42.79083],[78.64226,42.82873],[78.52423,42.86467],[78.37592,42.87149],[78.29003,42.86433],[78.02312,42.85751],[77.80169,42.89524],[77.62248,42.90224],[77.5122,42.90007],[77.45928,42.90475],[77.36859,42.90446],[77.23552,42.91263],[77.05734,42.97066],[76.9881,42.9736],[76.94407,42.97149],[76.64652,42.9288],[76.50916,42.91888],[75.93219,42.92849],[75.84036,42.93748],[75.78957,42.93294],[75.68177,42.83049],[75.63567,42.8146],[75.36618,42.83697],[75.04765,42.90438],[74.81753,42.97815],[74.62225,43.05618],[74.36386,43.17943],[74.20909,43.24036],[74.18682,43.2053],[74.14589,43.19408],[74.08626,43.1886],[73.94916,43.19504],[73.88606,43.13256],[73.71853,43.08789],[73.61202,43.04792],[73.55627,43.0028],[73.45023,42.70303],[73.42191,42.59352],[73.49296,42.40904],[73.41162,42.41976],[73.31597,42.46699],[73.2829,42.50412],[73.19081,42.52686],[72.85512,42.56112],[72.79244,42.60347],[72.75295,42.63791],[72.66609,42.66042],[72.5432,42.67776],[72.27583,42.75767],[72.16183,42.76067],[71.81684,42.82219],[71.76056,42.8215],[71.73477,42.81889],[71.60083,42.77866],[71.51422,42.76692],[71.42203,42.78318],[71.25666,42.73357],[71.16737,42.66742],[71.09357,42.58652],[71.02278,42.53544],[71.002,42.45906],[70.95239,42.41937],[70.89286,42.34],[70.89286,42.2937],[70.94681,42.24866]]}},{"type":"Feature","properties":{},"geometry":{"type":"LineString","coordinates":[[45.00142,41.29097],[45.02292,41.2457],[45.08472,41.19547],[45.15231,41.17516],[45.18859,41.14741],[45.19019,41.12635],[45.07067,41.10082],[45.0626,41.08814],[45.07046,41.07558],[45.10612,41.06935],[45.27339,41.00626],[45.36894,41.00489],[45.41917,40.98572],[45.44423,40.94799],[45.52397,40.89673],[45.58753,40.84691],[45.59146,40.82976],[45.57937,40.80449],[45.40134,40.70715],[45.37897,40.67359],[45.37618,40.63809],[45.45441,40.53236],[45.5695,40.41686],[45.73569,40.32911],[45.96462,40.23377],[45.96756,40.17481],[45.88596,40.02484],[45.85811,40.01128],[45.63017,40.0142],[45.59601,40.00286],[45.58097,39.98903],[45.57978,39.97756],[45.66179,39.95619],[45.78964,39.88111],[45.86318,39.80837],[45.93997,39.77654],[46.0259,39.71853],[46.09479,39.66448],[46.20207,39.59448],[46.32165,39.61745],[46.48143,39.55516],[46.48805,39.51283],[46.47812,39.47511],[46.37767,39.43387],[46.36516,39.41679],[46.36526,39.4025],[46.37839,39.38227],[46.43725,39.34855],[46.50665,39.29856],[46.58473,39.22368],[46.54995,39.20143],[46.47709,39.19818],[46.42035,39.20737],[46.4003,39.19218],[46.40144,39.16769],[46.47544,39.11087],[46.48986,39.06945],[46.48675,38.99746],[46.49063,38.90667]]}},{"type":"Feature","properties":{},"geometry":{"type":"LineString","coordinates":[[44.76825,39.70352],[44.86716,39.71913],[45.03165,39.76512],[45.07645,39.74282],[45.12456,39.69634],[45.14859,39.65657],[45.15283,39.58267],[45.17257,39.57061],[45.25257,39.59546],[45.28833,39.56557],[45.34987,39.52989],[45.45684,39.49446],[45.61079,39.54978],[45.68742,39.56405],[45.75052,39.56296],[45.78447,39.5456],[45.79651,39.48813],[45.78416,39.41723],[45.76633,39.37845],[45.79868,39.35018],[45.92498,39.28194],[45.97743,39.24388],[45.95185,39.1781],[46.0459,39.01752],[46.11443,38.87778]]}},{"type":"Feature","properties":{},"geometry":{"type":"LineString","coordinates":[[70.95797,40.23889],[70.99058,40.25491],[71.0945,40.27124],[71.30467,40.2869],[71.37619,40.27519],[71.45748,40.24201],[71.52042,40.20897],[71.58047,40.21026],[71.62987,40.21713],[71.6509,40.20799],[71.66677,40.17863],[71.6925,40.15236],[71.77265,40.18804],[71.84541,40.23434],[71.90272,40.24095],[71.95564,40.2586],[71.97109,40.28948],[72.01259,40.34074],[72.13124,40.43862],[72.19289,40.45443],[72.23278,40.45438],[72.23469,40.43862],[72.25397,40.4242],[72.35768,40.40167],[72.38931,40.42738],[72.40595,40.46306],[72.36977,40.51975],[72.36905,40.54347],[72.38259,40.56515],[72.40202,40.57809],[72.56749,40.52435],[72.60408,40.52543],[72.67963,40.55561],[72.74887,40.60868],[72.77388,40.65039],[73.11288,40.78604],[73.13696,40.81064],[73.1321,40.82852],[72.98999,40.86012],[72.92602,40.84244],[72.86659,40.84231],[72.83099,40.86216],[72.65834,40.86993],[72.6204,40.88381],[72.50594,40.98168],[72.36404,41.04344],[72.29495,41.03992],[72.21309,41.01424],[72.18736,41.02595],[72.18064,41.06685],[72.18095,41.11847],[72.16426,41.17374],[72.11537,41.18658],[72.05243,41.16475],[71.95848,41.18705],[71.87864,41.19501],[71.85797,41.31138],[71.79245,41.41313],[71.70067,41.45401],[71.69721,41.51558],[71.68516,41.53299],[71.66491,41.54121],[71.63752,41.53418],[71.60228,41.50326],[71.61964,41.43546],[71.6062,41.36742],[71.58558,41.33324],[71.54559,41.30807],[71.50006,41.30748],[71.42084,41.34187],[71.40839,41.13604],[71.39309,41.12338],[71.29883,41.15248],[71.22338,41.13992],[71.11073,41.15263],[71.02593,41.18658],[70.96257,41.19599],[70.86046,41.2249],[70.78248,41.26249],[70.73442,41.40052],[70.68884,41.44982],[70.64585,41.46036],[70.47139,41.41267],[70.40783,41.44956],[70.29006,41.49685],[70.20091,41.51447],[70.17699,41.54],[70.18097,41.57142],[70.45496,41.72505],[70.56291,41.83081],[70.63091,41.87551],[70.7277,41.90522],[70.80336,41.92264],[70.84191,42.01963],[70.85658,42.03082],[70.91033,42.038],[71.03218,42.07779],[71.22855,42.1629],[71.23232,42.18626],[71.21264,42.20644],[71.12995,42.25001],[71.03601,42.28468],[70.97901,42.26657],[70.94681,42.24866]]}},{"type":"Feature","properties":{},"geometry":{"type":"LineString","coordinates":[[70.95797,40.23889],[70.96097,40.22065],[70.9464,40.18757],[70.73861,40.13114],[70.6443,40.08345],[70.62409,39.99895],[70.59924,39.97451],[70.55686,39.95451],[70.51511,39.94991],[70.45139,40.04924],[70.07152,40.17277],[69.96677,40.20222],[69.76523,40.15801],[69.53026,40.09729],[69.49367,40.06035],[69.46871,40.02074],[69.47098,39.99063],[69.48788,39.95043],[69.47626,39.91971],[69.43197,39.90979],[69.36541,39.94707],[69.30727,39.96854],[69.2788,39.91777],[69.24475,39.82708],[69.22909,39.76109],[69.2803,39.66585],[69.29771,39.52482],[69.39151,39.53247],[69.46334,39.53206],[69.59878,39.57376],[69.66699,39.5749],[69.7721,39.55676],[69.95597,39.55309],[70.10164,39.56058],[70.13678,39.55759],[70.1711,39.5842],[70.20929,39.57497],[70.24484,39.54263],[70.39207,39.58187],[70.50115,39.58735],[70.60787,39.56441],[70.67861,39.47129],[70.73308,39.41331],[70.79933,39.3947],[71.00484,39.41186],[71.06505,39.4934],[71.11807,39.51356],[71.20277,39.51981],[71.27289,39.53531],[71.32849,39.5687],[71.40425,39.59787],[71.47035,39.60368],[71.50301,39.58218],[71.51742,39.55387],[71.5059,39.51707],[71.50332,39.47883],[71.54626,39.4531],[71.67266,39.44705],[71.73219,39.42299],[71.73539,39.37773],[71.72568,39.30659],[71.7786,39.27796],[71.80598,39.27559],[71.99099,39.35091],[72.04282,39.35217],[72.08421,39.31062],[72.14736,39.26076],[72.22999,39.20753],[72.24978,39.21569],[72.2872,39.27373],[72.35773,39.33685],[72.49023,39.35739],[72.56335,39.37721],[72.63994,39.38599],[72.87248,39.36039],[72.94938,39.35708],[73.10926,39.36194],[73.23494,39.37455],[73.33618,39.41237],[73.38739,39.44271],[73.47043,39.46059],[73.57559,39.45762],[73.63166,39.44886]]}},{"type":"Feature","properties":{},"geometry":{"type":"LineString","coordinates":[[33.20173,-14.01336],[33.14809,-13.94096],[33.10359,-13.9592],[33.04236,-14.01005],[33.00928,-14.02374],[32.99213,-14.02219],[32.98122,-14.00933],[32.9203,-13.88386],[32.86722,-13.8174],[32.811,-13.79156],[32.76516,-13.76107],[32.78537,-13.73141],[32.80671,-13.71027],[32.79751,-13.68852],[32.77178,-13.65658],[32.67204,-13.61033],[32.67044,-13.59044],[32.75845,-13.55034],[32.81405,-13.50274],[32.85182,-13.45701],[32.89973,-13.35701],[32.93854,-13.25738],[32.96763,-13.22498],[32.97766,-13.15889],[32.97115,-13.08432],[32.99047,-12.98944],[32.99998,-12.89963],[32.97053,-12.86474],[32.94562,-12.80439],[32.97518,-12.70134],[33.02158,-12.63049],[33.24343,-12.55655],[33.39794,-12.48983],[33.48326,-12.40343],[33.5123,-12.34772],[33.49142,-12.33108],[33.36998,-12.32969],[33.34012,-12.30834],[33.25237,-12.11259],[33.301,-11.88821],[33.30394,-11.69081],[33.28834,-11.61113],[33.24999,-11.57764],[33.22643,-11.53485],[33.23273,-11.4177],[33.26839,-11.4039],[33.34554,-11.24913],[33.37975,-11.15792],[33.33867,-11.08516],[33.29324,-10.98114],[33.27273,-10.91504],[33.26136,-10.89334],[33.29278,-10.85231],[33.34487,-10.81267],[33.40316,-10.80177],[33.46476,-10.78306],[33.65906,-10.59052],[33.66154,-10.5531],[33.6262,-10.48861],[33.55375,-10.3913],[33.53762,-10.35156],[33.52894,-10.23467],[33.50011,-10.19969],[33.39355,-10.12093],[33.31149,-10.03799],[33.33712,-9.95397],[33.35097,-9.86219],[33.31045,-9.81186],[33.25004,-9.75956],[33.21268,-9.68297],[33.19573,-9.62613],[33.14809,-9.6035],[33.10447,-9.60267],[33.07243,-9.63822],[33.03781,-9.63502],[32.996,-9.62282],[32.9821,-9.57363],[32.97983,-9.52035],[32.95104,-9.48423],[32.92334,-9.434],[32.91988,-9.40738]]}},{"type":"Feature","properties":{},"geometry":{"type":"LineString","coordinates":[[24.1474,8.66564],[24.19478,8.65337],[24.22088,8.60826],[24.17995,8.46111],[24.20837,8.36913],[24.29137,8.29143],[24.37549,8.25846],[24.45606,8.23945],[24.73671,8.19154],[24.85329,8.13754],[25.00719,7.96486],[25.20035,7.8079],[25.24738,7.72457],[25.2387,7.64899],[25.18134,7.55721],[25.19012,7.51933],[25.27895,7.42751],[25.38065,7.33338],[25.56664,7.22871],[25.88899,7.06492],[26.03653,6.95523],[26.08691,6.87214],[26.16929,6.78176],[26.28453,6.69902],[26.36183,6.63531],[26.30861,6.45532],[26.32463,6.39625],[26.35336,6.34491],[26.42054,6.27419],[26.44751,6.18298],[26.51428,6.06924],[26.59365,6.01751],[26.72631,5.99824],[26.79643,5.94553],[26.94231,5.85494],[27.08344,5.77683],[27.1439,5.72296],[27.18121,5.67516],[27.21336,5.6188],[27.22907,5.5625],[27.23253,5.44075],[27.25671,5.28965],[27.33247,5.18635]]}},{"type":"Feature","properties":{},"geometry":{"type":"LineString","coordinates":[[42.92273,10.9993],[43.24597,11.49982]]}},{"type":"Feature","properties":{},"geometry":{"type":"LineString","coordinates":[[42.92273,10.9993],[42.84413,10.99796],[42.78295,11.00928],[42.74125,11.04238],[42.655,11.07834],[42.55774,11.08077],[42.46514,11.04708],[42.30809,11.00522],[42.16624,10.99158],[42.05214,10.96835],[41.95747,10.94104],[41.8722,10.95582],[41.7982,10.98047],[41.76467,11.4129],[41.76653,11.58911],[41.79267,11.68606],[41.81567,11.72378],[41.94962,11.85788],[41.99587,11.91237],[42.37848,12.46642]]}},{"type":"Feature","properties":{},"geometry":{"type":"LineString","coordinates":[[29.4032,-4.44929],[29.40418,-4.49668],[29.36754,-4.66881],[29.32568,-4.83562],[29.32341,-4.89887],[29.34274,-4.98311],[29.47648,-5.31663],[29.54236,-5.49977],[29.59419,-5.65077],[29.60701,-5.7227],[29.59636,-5.77593],[29.49079,-5.96542],[29.48009,-6.02501],[29.50619,-6.17208],[29.54076,-6.31383],[29.59063,-6.39439],[29.70964,-6.61691],[29.79811,-6.69189],[29.96182,-6.80315],[30.10631,-6.91508],[30.16181,-6.97306],[30.21271,-7.03792],[30.31322,-7.20369],[30.37451,-7.33862],[30.40675,-7.46063],[30.55889,-7.7819],[30.72084,-8.10441],[30.75113,-8.19361]]}},{"type":"Feature","properties":{},"geometry":{"type":"LineString","coordinates":[[42.37848,12.46642],[42.40861,12.49438],[42.44995,12.52135],[42.4794,12.5136],[42.67009,12.37658],[42.70368,12.38033],[42.76745,12.42286],[42.82532,12.56936],[42.86589,12.6228],[42.88331,12.62127],[43.00568,12.66233],[43.11673,12.7086]]}},{"type":"Feature","properties":{},"geometry":{"type":"LineString","coordinates":[[42.359,37.10859],[42.45589,37.12869],[42.63547,37.24928],[42.74109,37.36191],[42.77458,37.37188],[42.86909,37.33493],[42.93664,37.32478],[43.09249,37.36738],[43.1851,37.34485],[43.26313,37.31648],[43.30674,37.31462],[43.51588,37.24455],[43.56802,37.23587],[43.67582,37.22726],[43.83643,37.22352],[43.93998,37.2693],[44.01316,37.31354],[44.06463,37.31245],[44.11439,37.30186],[44.15625,37.28294],[44.19175,37.24985],[44.20839,37.20264],[44.20167,37.05182],[44.21749,37.01185],[44.2457,36.98332],[44.28188,36.978],[44.40192,37.05849],[44.49602,37.11053],[44.56604,37.15825],[44.60594,37.17603],[44.66935,37.1736],[44.73094,37.16528],[44.76515,37.14244]]}},{"type":"Feature","properties":{},"geometry":{"type":"LineString","coordinates":[[44.76515,37.14244],[44.75833,37.21711],[44.79678,37.26977],[44.7942,37.29039],[44.71513,37.35715],[44.60413,37.42371],[44.57405,37.43542],[44.57721,37.56019],[44.56723,37.60863],[44.54605,37.63631],[44.54527,37.65817],[44.58997,37.71036],[44.56124,37.74462],[44.39779,37.82924],[44.33624,37.87177],[44.22297,37.88017],[44.21129,37.90807],[44.22891,37.96719],[44.26792,38.03882],[44.32942,38.10925],[44.34895,38.14651],[44.37272,38.20974],[44.38089,38.25462],[44.44962,38.31776],[44.44988,38.33425],[44.43086,38.35678],[44.37577,38.36957],[44.3196,38.37471],[44.29852,38.38629],[44.29087,38.42011],[44.29784,38.5578],[44.28017,38.64069],[44.25707,38.70064],[44.27164,38.83605],[44.23247,38.86321],[44.17082,38.93437],[44.14452,38.99436],[44.15878,39.01674],[44.17186,39.05627],[44.18059,39.10808],[44.17806,39.14485],[44.12127,39.18061],[44.0791,39.21833],[44.07434,39.25998],[44.05755,39.31083],[44.02318,39.37744],[44.04391,39.39294],[44.12406,39.40524],[44.24048,39.39679],[44.33541,39.39605],[44.38936,39.42214],[44.45592,39.66673],[44.51669,39.73127],[44.58713,39.76853],[44.72505,39.68171],[44.7821,39.65107],[44.81714,39.65042]]}},{"type":"Feature","properties":{},"geometry":{"type":"LineString","coordinates":[[30.75113,-8.19361],[30.77671,-8.26585],[30.83071,-8.38559],[30.89194,-8.47375],[30.96837,-8.55095],[31.03338,-8.59767],[31.07633,-8.61188],[31.35062,-8.60707],[31.44922,-8.65389],[31.53485,-8.71327],[31.55624,-8.80551],[31.61278,-8.86323],[31.67365,-8.90876],[31.70001,-8.91434],[31.74471,-8.90323],[31.81804,-8.90225],[31.8861,-8.92199],[31.91865,-8.94219],[31.92186,-9.01945],[31.94263,-9.05397],[32.03534,-9.0674],[32.12975,-9.07335],[32.22086,-9.12559],[32.3193,-9.13489],[32.43319,-9.15639],[32.48714,-9.21272],[32.60838,-9.27054],[32.75658,-9.32222],[32.91988,-9.40738]]}},{"type":"Feature","properties":{},"geometry":{"type":"LineString","coordinates":[[28.96586,69.02199],[28.89894,69.00969],[28.56604,68.92825],[28.41401,68.90417],[28.45349,68.87228],[28.70593,68.86554],[28.74484,68.85647],[28.77285,68.84004],[28.7776,68.81381],[28.75207,68.77144],[28.47933,68.53763],[28.47075,68.48838],[28.5601,68.35136],[28.68521,68.18979],[29.34387,68.06187],[29.52417,67.92908],[29.82157,67.754],[29.97924,67.68858],[29.98807,67.66827],[29.94125,67.54748],[29.75062,67.4264],[29.57228,67.32437],[29.38775,67.20143],[29.24341,67.0966],[29.08699,66.97095],[29.06901,66.9302],[29.06627,66.89173],[29.09309,66.84923],[29.29323,66.69552],[29.46433,66.53217],[29.54438,66.43972],[29.59073,66.35683],[29.67088,66.27614],[29.72065,66.23487],[29.80348,66.17707],[29.90343,66.09108],[29.9366,66.02297],[30.0875,65.78653],[30.10274,65.72627],[30.09535,65.68168],[30.029,65.67072],[29.88265,65.66364],[29.7239,65.63439],[29.71594,65.62457],[29.81945,65.56876],[29.72804,65.47342],[29.71481,65.33694],[29.61714,65.26534],[29.60799,65.24868],[29.61238,65.23478],[29.6297,65.22387],[29.81056,65.20475],[29.82622,65.18532],[29.82694,65.14507],[29.81087,65.10791],[29.72003,65.08032],[29.62251,65.03949],[29.60091,65.00195],[29.60422,64.96839],[29.63745,64.91175],[29.70168,64.84576],[29.78323,64.80431],[30.07282,64.76504],[30.11023,64.73259],[30.12615,64.68809],[30.12016,64.64463],[29.98559,64.55774],[29.98662,64.52428],[30.04187,64.44338],[30.10812,64.36612],[30.39068,64.28243],[30.48789,64.23654],[30.51378,64.20001],[30.52788,64.14112],[30.52608,64.0773],[30.50391,64.02059],[30.41533,63.94752],[30.21028,63.80334],[30.00409,63.74732],[29.99153,63.73518],[30.05541,63.68901],[30.41854,63.50403],[30.97478,63.30063],[31.18087,63.20829],[31.24743,63.14188],[31.33672,63.06809],[31.43698,63.00773],[31.50927,62.95533],[31.5365,62.92164],[31.53402,62.88541],[31.43734,62.77612],[31.38241,62.69165],[31.28567,62.56781],[31.18676,62.48141],[30.93571,62.32379],[30.56561,62.12758],[30.47972,62.0682],[30.3065,61.96485],[30.00993,61.75737],[29.93319,61.71158],[29.69016,61.54611],[29.57941,61.49348],[29.49234,61.44423],[29.25163,61.28778],[28.73905,61.05875],[28.66283,61.00284],[28.56811,60.96021],[28.45504,60.91964],[28.40744,60.89693],[27.79766,60.53612],[27.731,60.45657]]}},{"type":"Feature","properties":{},"geometry":{"type":"LineString","coordinates":[[30.86978,69.78344],[30.92414,69.65177],[30.92248,69.60583],[30.89665,69.56123],[30.86073,69.53842],[30.7889,69.52852],[30.61537,69.53255],[30.37968,69.58469],[30.22754,69.63379],[30.18015,69.63585],[30.15974,69.62986],[30.19653,69.58056],[30.18672,69.54278],[30.16377,69.5016],[30.13189,69.46424],[30.08729,69.43287],[29.99407,69.39246],[29.83273,69.36047],[29.38832,69.29815],[29.35302,69.27063],[29.20993,69.09702],[29.17086,69.07152],[29.11856,69.04995],[28.96586,69.02199]]}},{"type":"Feature","properties":{},"geometry":{"type":"LineString","coordinates":[[55.18586,22.70409],[55.19987,23.03477],[55.35324,23.38746],[55.50853,23.7246],[55.53163,23.81906],[55.51933,23.88549],[55.49179,23.90968],[55.46848,23.9411],[55.54786,23.99135],[55.69658,24.02414],[55.77916,24.01711],[55.98514,24.06339],[55.99217,24.09295],[55.92861,24.21514],[55.79973,24.22263],[55.76087,24.24268],[55.80567,24.34978],[55.80402,24.38355],[55.78681,24.42352],[55.7682,24.4906],[55.77756,24.57734],[55.80396,24.63625],[55.80417,24.68361],[55.79156,24.7813],[55.7957,24.86809],[55.82288,24.91127],[55.87068,24.95142],[55.91584,24.97178],[55.96308,24.97026],[56.00064,24.95321],[56.01666,24.90773],[56.00633,24.87641],[55.97972,24.87207],[55.97036,24.85895],[56.0084,24.79823],[56.0639,24.73875],[56.10653,24.7487],[56.15443,24.79552],[56.20471,24.83332],[56.26786,24.86673],[56.3136,24.9313],[56.35297,24.97331],[56.38796,24.97917]]}},{"type":"Feature","properties":{},"geometry":{"type":"LineString","coordinates":[[48.57288,41.84447],[48.43072,41.66335],[48.39139,41.60191],[48.29812,41.54501],[48.14231,41.48475],[48.05606,41.45871],[47.96372,41.33396],[47.86109,41.21273],[47.79102,41.19927],[47.59186,41.2181],[47.52059,41.22906],[47.31766,41.28244],[47.26118,41.31508],[47.20532,41.45561],[47.14263,41.51605],[47.06393,41.5547],[47.01019,41.58749],[46.98776,41.62139],[46.93091,41.67043],[46.8256,41.74342],[46.74932,41.81259],[46.69031,41.83135],[46.616,41.80696],[46.57125,41.80008],[46.55213,41.81228],[46.53766,41.87039],[46.42991,41.89096]]}},{"type":"Feature","properties":{},"geometry":{"type":"LineString","coordinates":[[46.42991,41.89096],[46.40547,41.85507],[46.34826,41.79016],[46.30253,41.75709],[46.25183,41.75177],[46.20186,41.73688],[46.18424,41.70216],[46.18212,41.6571],[46.19055,41.62485],[46.20352,41.6126],[46.25473,41.60214],[46.30542,41.5077],[46.385,41.45985],[46.50877,41.40559],[46.61889,41.34373],[46.67258,41.28683],[46.6624,41.24549],[46.62633,41.15968],[46.53435,41.08855],[46.45792,41.07021],[46.43094,41.07705],[46.38077,41.0993],[46.28,41.15444],[46.17075,41.19785],[46.08652,41.18384],[46.03123,41.16728],[45.92198,41.18674],[45.79279,41.22441],[45.72551,41.26162],[45.69569,41.289],[45.71559,41.33766],[45.42232,41.42528],[45.28099,41.44956],[45.21717,41.42321],[45.00142,41.29097]]}},{"type":"Feature","properties":{},"geometry":{"type":"LineString","coordinates":[[51.26801,24.60723],[51.09335,24.56465],[51.02276,24.56525],[50.96607,24.57395],[50.92829,24.59514],[50.85564,24.67963],[50.80437,24.78926]]}},{"type":"Feature","properties":{},"geometry":{"type":"LineString","coordinates":[[25.2588,-17.79359],[25.23901,-17.8431],[25.22397,-17.91524],[25.24226,-17.96908],[25.28242,-18.04122],[25.34019,-18.10448],[25.38432,-18.14194],[25.43672,-18.23491],[25.48928,-18.35128],[25.55832,-18.44177],[25.76125,-18.64925],[25.81189,-18.79704],[25.93933,-18.93864],[25.95917,-18.98566],[25.9507,-19.08173],[26.0819,-19.36993],[26.1681,-19.53829],[26.24101,-19.5693],[26.47459,-19.74861],[26.67825,-19.89279],[26.91673,-19.99015],[27.09181,-20.05418],[27.17822,-20.10094],[27.22152,-20.1458],[27.25677,-20.23205],[27.27465,-20.38186],[27.28074,-20.4787],[27.46895,-20.47482],[27.62465,-20.48356],[27.67932,-20.50299],[27.69958,-20.53068],[27.69483,-20.59456],[27.697,-20.68974],[27.70428,-20.76643],[27.68806,-20.84834],[27.66945,-21.0643],[27.69343,-21.11101],[27.84412,-21.26149],[27.90748,-21.35906],[27.97455,-21.50675],[28.01403,-21.55419],[28.04561,-21.5731],[28.18162,-21.58933],[28.53204,-21.65124],[28.74773,-21.70762],[28.9193,-21.76606],[28.99072,-21.78146],[29.02555,-21.79686],[29.03733,-21.81138],[29.01583,-21.9399],[29.02338,-21.98124],[29.04239,-22.0184],[29.07154,-22.04749],[29.10689,-22.06568],[29.23721,-22.07948],[29.31524,-22.15772],[29.3648,-22.19389]]}},{"type":"Feature","properties":{},"geometry":{"type":"LineString","coordinates":[[77.79937,35.49592],[77.72407,35.48057],[77.57256,35.47184],[77.44652,35.47561],[77.09,35.55204],[76.87885,35.6133],[76.76687,35.6617]]}},{"type":"Feature","properties":{},"geometry":{"type":"LineString","coordinates":[[28.01445,41.96907],[27.87921,41.98664],[27.83192,41.98129],[27.80164,41.95653],[27.66119,41.96132],[27.53484,41.92077],[27.47484,41.9469],[27.36291,42.02503],[27.2949,42.07955],[27.24436,42.09324],[27.19336,42.0771],[27.01172,42.05865],[26.96872,42.02684],[26.88485,41.99186],[26.80036,41.97516],[26.67923,41.96333],[26.61536,41.96488],[26.5797,41.94796],[26.54973,41.89672],[26.52932,41.84667],[26.51144,41.82636],[26.36039,41.80158],[26.32721,41.7728],[26.31801,41.74469],[26.32091,41.71658]]}},{"type":"Feature","properties":{},"geometry":{"type":"LineString","coordinates":[[102.9339,11.70668],[102.7366,12.0898],[102.70622,12.25569],[102.73743,12.38338],[102.75562,12.42624],[102.70327,12.4935],[102.62974,12.5699],[102.49956,12.66995],[102.49073,12.82831],[102.46168,13.01502],[102.42262,13.07796],[102.36298,13.19299],[102.33079,13.28823],[102.31973,13.54],[102.33632,13.56031],[102.42846,13.5676],[102.5469,13.58568],[102.56555,13.62635],[102.54468,13.65994],[102.62043,13.71694],[102.72885,13.84189],[102.81283,13.97245],[102.87329,14.05488],[102.90925,14.13673],[103.03106,14.25252],[103.19937,14.33261],[103.31352,14.35132],[103.43243,14.37861],[103.54637,14.41741],[103.60037,14.42108],[103.74192,14.37416],[103.81835,14.36217],[103.9818,14.35791],[104.05435,14.36274],[104.22767,14.3955],[104.41164,14.36956],[104.57577,14.39003],[104.77901,14.42785],[104.8788,14.40398],[104.9697,14.3661],[104.98246,14.28944],[105.00344,14.25443],[105.03367,14.2274],[105.07413,14.22745],[105.12597,14.28096],[105.16912,14.3361],[105.18333,14.34626]]}},{"type":"Feature","properties":{},"geometry":{"type":"LineString","coordinates":[[88.89135,27.31606],[88.88169,27.29748],[88.7604,27.21813],[88.7388,27.1756],[88.76567,27.13421],[88.81358,27.09902],[88.83518,27.06558],[88.85766,26.96148],[89.04095,26.86503],[89.14823,26.81614],[89.3321,26.84865],[89.38419,26.82658],[89.47457,26.80343],[89.54516,26.79622],[89.58609,26.77893],[89.60919,26.76219],[89.60614,26.74113],[89.60996,26.71945],[89.71089,26.7139],[89.76385,26.70155],[89.94317,26.72395],[90.12295,26.75459],[90.2061,26.84751],[90.24233,26.85415],[90.34589,26.89032],[90.44764,26.85076],[90.55988,26.79656],[90.62034,26.78023],[90.73966,26.7717],[90.85578,26.77772],[91.1339,26.8034],[91.28655,26.78992],[91.4268,26.86709],[91.45584,26.86689],[91.51755,26.8073],[91.67159,26.80201],[91.75376,26.83077],[91.84207,26.85299],[91.94377,26.86082],[91.99834,26.85498],[92.04971,26.87485],[92.07338,26.91484],[92.06811,26.9752],[92.0309,27.04083],[91.99865,27.07928],[91.9923,27.0999],[92.00258,27.14739],[92.03116,27.21431],[92.08345,27.29061],[92.04496,27.36471],[91.9908,27.45021],[91.95101,27.4583],[91.85127,27.43864],[91.74306,27.44251],[91.65811,27.49362],[91.59475,27.55765],[91.57935,27.61144],[91.59764,27.67702],[91.62586,27.73733],[91.63191,27.75996]]}},{"type":"Feature","properties":{},"geometry":{"type":"LineString","coordinates":[[104.0667,1.27791],[104.05554,1.40165],[103.8971,1.43555],[103.8216,1.4604],[103.70151,1.43725],[103.63309,1.34914],[103.58947,1.26173],[103.59888,1.20639]]}},{"type":"Feature","properties":{},"geometry":{"type":"LineString","coordinates":[[100.11909,6.44198],[100.138,6.48867],[100.16126,6.64161],[100.17676,6.67184],[100.21665,6.68662],[100.26146,6.68269],[100.34543,6.54988],[100.56392,6.46751],[100.62955,6.44798],[100.71564,6.48069],[100.7545,6.46007],[100.79378,6.42617],[100.81651,6.33163],[100.87393,6.24541],[100.9888,6.25765],[101.0535,6.24257],[101.07593,6.16608],[101.08647,6.03369],[101.07562,5.95648],[100.99278,5.84621],[100.98167,5.77104],[101.02518,5.72451],[101.08172,5.6749],[101.11396,5.63676],[101.14766,5.64304],[101.19065,5.66872],[101.257,5.78936],[101.40418,5.85168],[101.55611,5.90775],[101.57678,5.90202],[101.60137,5.87716],[101.64995,5.79598],[101.67842,5.77882],[101.71951,5.7706],[101.79072,5.77936],[101.87361,5.82528],[101.91722,5.9114],[101.93613,5.97933],[102.0552,6.09668],[102.06832,6.18469],[102.10109,6.24225]]}},{"type":"Feature","properties":{},"geometry":{"type":"LineString","coordinates":[[46.53145,29.09626],[46.69377,29.25966],[46.76937,29.34746],[46.9058,29.53753],[46.97598,29.67287],[47.10207,29.93998],[47.11436,29.96132],[47.14826,30.00096],[47.2233,30.0415],[47.33135,30.07969],[47.51486,30.09651],[47.64374,30.09731],[47.67278,30.09561],[47.75386,30.07661],[47.9787,29.98282]]}},{"type":"Feature","properties":{},"geometry":{"type":"LineString","coordinates":[[88.1098,27.8706],[88.09894,27.90455],[88.10897,27.93302],[88.14111,27.94891],[88.27516,27.96884],[88.42595,28.01168],[88.53163,28.05736],[88.57793,28.09335],[88.62108,28.09183],[88.75622,28.03968],[88.80371,28.00692],[88.82861,27.90726],[88.84877,27.86866],[88.82991,27.7674],[88.74903,27.52189],[88.7649,27.42988],[88.83254,27.36283],[88.89135,27.31606]]}},{"type":"Feature","properties":{},"geometry":{"type":"LineString","coordinates":[[124.03639,-9.3416],[124.05241,-9.3754],[124.09013,-9.41643],[124.11556,-9.42315],[124.13457,-9.41384],[124.28232,-9.4279],[124.31932,-9.41374],[124.41301,-9.31431],[124.43822,-9.23856],[124.44443,-9.19034]]}},{"type":"Feature","properties":{},"geometry":{"type":"LineString","coordinates":[[124.92228,-8.9425],[124.91509,-9.03154],[124.93685,-9.05345],[124.97328,-9.0643],[125.10035,-9.004],[125.12444,-9.01542],[125.14898,-9.04255],[125.14945,-9.12291],[125.10051,-9.18983],[124.97752,-9.19494],[124.96016,-9.2138],[124.95861,-9.25468],[124.96827,-9.29426],[124.99695,-9.32599],[125.03364,-9.38186],[125.06811,-9.51193]]}},{"type":"Feature","properties":{},"geometry":{"type":"LineString","coordinates":[[115.13998,4.89975],[115.16845,4.86671],[115.22793,4.75056],[115.26669,4.63398],[115.2793,4.45637],[115.32674,4.38077],[115.31925,4.36529],[115.29062,4.3526],[115.24669,4.34723],[115.17057,4.3642],[115.10701,4.39043],[115.05156,4.58267],[115.02676,4.69137],[115.02681,4.89973]]}},{"type":"Feature","properties":{},"geometry":{"type":"LineString","coordinates":[[109.6289,2.02753],[109.53898,1.89622],[109.5489,1.84836],[109.57081,1.8063],[109.63582,1.77664],[109.65401,1.61489],[109.81803,1.43896],[109.87849,1.39785],[109.9449,1.33806],[109.99166,1.28256],[110.04086,1.23574],[110.11476,1.19016],[110.31526,0.99601],[110.39908,0.93906],[110.4614,0.88207],[110.50574,0.86196],[110.61478,0.87814],[110.93807,1.01735],[111.10131,1.05053],[111.28673,1.04319],[111.48315,0.99575],[111.54671,0.99436],[111.60738,1.02263],[111.6913,1.0142],[111.76975,0.99947],[111.80902,1.01167],[111.92312,1.11327],[112.07846,1.14334],[112.12859,1.24359],[112.16735,1.33816],[112.18574,1.43909],[112.25065,1.47965],[112.47616,1.55908],[112.94301,1.56701],[112.98823,1.54758],[112.99799,1.49624],[112.98823,1.45712],[113.00657,1.43389],[113.06863,1.4318],[113.359,1.32715],[113.45822,1.30214],[113.51321,1.3084],[113.62224,1.23595],[113.68167,1.2606],[113.76032,1.31139],[113.90238,1.43428],[114.0,1.45526],[114.12599,1.45237],[114.27471,1.47089],[114.38705,1.50006],[114.51252,1.452],[114.54591,1.46715],[114.56746,1.51415],[114.63221,1.61706],[114.66094,1.68628],[114.68616,1.81906],[114.70352,1.85079],[114.79995,1.89394],[114.83059,1.98001],[114.81581,2.01895],[114.78796,2.05161],[114.75871,2.1624],[114.76832,2.21294],[114.78641,2.25051],[114.83633,2.26937],[114.96909,2.35081],[115.15083,2.49292],[115.17905,2.52321],[115.18086,2.5669],[115.12985,2.6124],[115.08076,2.63423],[115.0789,2.72343],[115.09368,2.75782],[115.08655,2.7912],[115.08634,2.84112],[115.11755,2.89486],[115.18995,2.97444],[115.24695,3.02591],[115.3102,2.99393],[115.3842,3.00873],[115.45438,3.03431],[115.49314,3.12813],[115.49913,3.17314],[115.48973,3.20864],[115.51422,3.34241],[115.51996,3.36166],[115.5661,3.44573],[115.57065,3.50229],[115.5445,3.63368],[115.56088,3.73305],[115.56843,3.93878],[115.59608,3.97552],[115.6275,4.08197],[115.67881,4.19303],[115.78242,4.25375],[115.83684,4.33328],[115.86076,4.34806],[115.89621,4.3487],[116.02158,4.29069],[116.13444,4.35519],[116.23624,4.36255],[116.32032,4.35371],[116.36771,4.32733],[116.41453,4.30821],[116.51478,4.37079],[116.55312,4.35984],[116.58909,4.33844],[116.63865,4.33912],[116.69782,4.35495],[116.84349,4.34015],[117.10064,4.33707],[117.27752,4.29932],[117.4509,4.1929],[117.53735,4.17137],[117.7454,4.16693],[117.88472,4.18615]]}},{"type":"Feature","properties":{},"geometry":{"type":"LineString","coordinates":[[29.01438,-2.7202],[29.02865,-2.66459],[29.06317,-2.60253],[29.10203,-2.59566],[29.19758,-2.6203],[29.29705,-2.67301],[29.34976,-2.79151],[29.39023,-2.80856],[29.46371,-2.80836],[29.6514,-2.7928],[29.69806,-2.79471],[29.78338,-2.76639],[29.86818,-2.71637],[29.89257,-2.66464],[29.91242,-2.54863],[29.93019,-2.33955],[29.97345,-2.33707],[30.09189,-2.41153],[30.11731,-2.4166],[30.14227,-2.41396],[30.18331,-2.37701],[30.23384,-2.34709],[30.271,-2.34787],[30.40851,-2.31299],[30.4822,-2.37603],[30.52887,-2.39556],[30.55362,-2.40011]]}},{"type":"Feature","properties":{},"geometry":{"type":"LineString","coordinates":[[92.5749,21.97809],[92.5828,21.94031],[92.58425,21.60902],[92.59345,21.46735],[92.62528,21.35074],[92.63169,21.30619],[92.59986,21.27015],[92.56854,21.26333],[92.53919,21.31981],[92.47185,21.36299],[92.37264,21.40903],[92.33057,21.43978],[92.27972,21.42758],[92.20825,21.35787],[92.17957,21.29312],[92.19203,21.20227],[92.21476,21.11269],[92.26443,21.06145],[92.26846,21.00469],[92.28623,20.93159],[92.31192,20.86444],[92.32411,20.79183]]}},{"type":"Feature","properties":{},"geometry":{"type":"LineString","coordinates":[[74.89133,37.23163],[74.91815,37.25003],[75.00837,37.29354],[75.07901,37.34405],[75.11881,37.38568],[75.09751,37.45125],[74.98641,37.5304],[74.91582,37.57282],[74.89427,37.60143],[74.91236,37.68731],[74.9383,37.77253],[74.90027,37.83273],[74.89081,37.9258],[74.84249,38.03809],[74.78968,38.10362],[74.77511,38.19191],[74.77211,38.27474],[74.83598,38.40432],[74.81226,38.46031],[74.74503,38.51003],[74.51404,38.60002],[74.27746,38.65976],[74.18734,38.65751],[74.13137,38.66118],[74.06533,38.6085],[74.02559,38.53982],[73.97004,38.53369],[73.86911,38.56287],[73.80162,38.60689],[73.75413,38.69893],[73.71682,38.81722],[73.69605,38.85432],[73.7068,38.88621],[73.73,38.91468],[73.79449,38.94129],[73.80529,38.96863],[73.79558,39.00217],[73.74375,39.04454],[73.69042,39.10454],[73.60732,39.22921],[73.62313,39.29783],[73.63636,39.39669],[73.63166,39.44886]]}},{"type":"Feature","properties":{},"geometry":{"type":"LineString","coordinates":[[74.89133,37.23163],[74.84022,37.22507],[74.76735,37.24917],[74.73898,37.28563],[74.72668,37.29075],[74.66896,37.26669],[74.55894,37.23662],[74.37213,37.15773],[74.37616,37.13737],[74.49791,37.05722],[74.54137,37.02218]]}},{"type":"Feature","properties":{},"geometry":{"type":"LineString","coordinates":[[78.91671,33.38677],[78.94849,33.34654],[79.01262,33.29146],[79.06652,33.25037],[79.11688,33.22525]]}},{"type":"Feature","properties":{},"geometry":{"type":"LineString","coordinates":[[24.0,66.0534],[24.049,65.98982],[24.15551,65.80529],[24.13003,65.75919],[24.15866,65.71831],[24.18998,65.65248],[24.18832,65.60747],[24.11603,65.5052]]}},{"type":"Feature","properties":{},"geometry":{"type":"LineString","coordinates":[[28.58531,43.74224],[28.42346,43.74048],[28.3752,43.7448],[28.22198,43.77283],[28.05,43.82239],[27.94892,43.91861],[27.88427,43.98734],[27.7386,43.95631],[27.71079,43.9646],[27.6709,43.99778],[27.56104,44.02005],[27.42533,44.02052],[27.12065,44.14614],[27.08691,44.16741],[26.84775,44.14619],[26.48922,44.08398],[26.2158,44.00729],[25.93344,43.87055],[25.81882,43.76684],[25.68611,43.71175],[25.49708,43.6708],[25.15963,43.68633],[24.43058,43.79438],[24.22677,43.76348],[24.0,43.78252]]}},{"type":"Feature","properties":{},"geometry":{"type":"LineString","coordinates":[[24.0,41.45772],[24.03288,41.4691],[24.05603,41.52723],[24.23039,41.5308],[24.2894,41.52504],[24.38676,41.52354],[24.48794,41.55524],[24.51822,41.55255],[24.56928,41.46739],[24.596,41.44274],[24.65103,41.41995],[24.77371,41.35608],[24.79583,41.3729],[24.84689,41.39422],[24.99354,41.36497],[25.13338,41.31577],[25.25115,41.24353],[25.38194,41.26435],[25.52705,41.2998],[25.72394,41.31505],[25.78492,41.33042],[25.92331,41.3119],[26.06635,41.35068],[26.13534,41.38574],[26.15518,41.43489],[26.1436,41.52155],[26.1112,41.60821],[26.07699,41.6402],[26.06599,41.67322],[26.08557,41.70417],[26.10738,41.72567],[26.2006,41.74378],[26.41051,41.69632],[26.4625,41.6634],[26.49505,41.63325],[26.54451,41.60723],[26.58135,41.60129],[26.60978,41.51214],[26.62487,41.40176],[26.60239,41.35414],[26.5364,41.34314],[26.33062,41.23878],[26.32566,41.14328],[26.32845,41.09703],[26.33258,41.06432],[26.35408,41.03677],[26.35413,40.99708],[26.33109,40.9545],[26.24122,40.88322],[26.1789,40.8265],[26.10919,40.74966],[26.06976,40.7403],[26.03896,40.72677]]}},{"type":"Feature","properties":{},"geometry":{"type":"LineString","coordinates":[[26.61898,48.25985],[26.7138,48.26346],[26.78729,48.25581],[26.90097,48.21111],[26.98076,48.15505],[27.01223,48.1105],[27.08034,48.04766],[27.15207,47.9593],[27.23082,47.84173],[27.24814,47.78225],[27.27795,47.71797],[27.33686,47.63975],[27.44926,47.55312],[27.46481,47.53669],[27.51587,47.47563],[27.61411,47.34055],[27.69617,47.28642],[27.76795,47.22758],[27.80237,47.16831],[27.85384,47.11449],[27.97419,47.04323],[28.07181,46.97842],[28.14994,46.79208],[28.20472,46.7064],[28.2395,46.64082],[28.2226,46.50807],[28.24435,46.45127],[28.11919,46.13868],[28.09971,45.97259],[28.11356,45.88304],[28.11552,45.82552],[28.13495,45.78886],[28.1563,45.71308],[28.15981,45.64714],[28.13082,45.62827],[28.09031,45.61275],[28.0747,45.59897],[28.11196,45.56916],[28.21247,45.45046]]}},{"type":"Feature","properties":{},"geometry":{"type":"LineString","coordinates":[[24.0,47.93607],[24.05975,47.94477],[24.17773,47.90607],[24.28196,47.91118],[24.38097,47.93803],[24.48407,47.9471],[24.57889,47.93108],[24.65093,47.87651],[24.8379,47.76086],[24.89334,47.71776],[24.97913,47.72414],[25.07385,47.74572],[25.16966,47.82308],[25.46432,47.91077],[25.68932,47.93248],[25.90868,47.96756],[26.16267,47.99252],[26.23626,48.06435],[26.27693,48.11324],[26.30561,48.20378],[26.61898,48.25985]]}},{"type":"Feature","properties":{},"geometry":{"type":"MultiLineString","coordinates":[[[24.0,50.4498],[24.05262,50.50844],[24.08993,50.53046],[24.09474,50.61704],[24.04632,50.7228],[24.0,50.76656]],[[24.0,50.81003],[24.06161,50.81953],[24.10574,50.84498],[24.09582,50.87276],[24.0,50.93164]]]}},{"type":"Feature","properties":{},"geometry":{"type":"LineString","coordinates":[[31.76336,52.10108],[31.75861,52.12581],[31.6906,52.22064],[31.64988,52.26218],[31.60151,52.28482],[31.57733,52.31231],[31.5765,52.42603],[31.58555,52.53245],[31.61593,52.5462],[31.52617,52.63299],[31.51945,52.69875],[31.56348,52.73146],[31.56482,52.75923],[31.53516,52.79822],[31.44281,52.86184],[31.353,52.93346],[31.29518,52.98979],[31.2588,53.01671],[31.30293,53.0609],[31.36453,53.13898],[31.3884,53.18482],[31.41786,53.19603],[31.56296,53.20249],[31.66828,53.20091],[31.74745,53.1842],[31.77742,53.14689],[31.84972,53.10622],[32.05544,53.08947],[32.142,53.09115],[32.25067,53.12839],[32.42627,53.2106],[32.46937,53.27029],[32.57804,53.31241],[32.64445,53.32889],[32.70429,53.33633],[32.71028,53.37142],[32.70646,53.41943],[32.68568,53.44816],[32.46963,53.54696],[32.44239,53.57926],[32.42524,53.61727],[32.45097,53.65334],[32.45014,53.6929],[32.20044,53.78124],[31.99214,53.79687],[31.82083,53.79194],[31.75422,53.81046],[31.78305,53.85496],[31.82527,53.93503],[31.83778,54.00079],[31.82594,54.03071],[31.79204,54.0559],[31.62839,54.11119],[31.40359,54.19594],[31.2991,54.2917],[31.24557,54.39164],[31.18479,54.45296],[31.07483,54.49182],[31.08191,54.51709],[31.15493,54.61096],[31.15214,54.62535],[31.12128,54.6485],[30.98419,54.69589],[30.79887,54.78327],[30.79107,54.80601],[30.80446,54.86094],[30.82993,54.91499],[30.86683,54.94073],[30.97768,55.05049],[30.97768,55.0878],[30.95887,55.13762],[30.87747,55.22345],[30.81448,55.27872],[30.81055,55.30696],[30.82099,55.33027],[30.86182,55.36039],[30.90057,55.39739],[30.90874,55.52534],[30.90688,55.57005],[30.88223,55.5964],[30.85593,55.60751],[30.80074,55.6011],[30.72162,55.62213],[30.66235,55.65549],[30.6256,55.66627],[30.58669,55.70027],[30.47538,55.76879],[30.45626,55.7868],[30.23364,55.84522],[30.04264,55.83644],[29.93702,55.84527],[29.88162,55.8323],[29.82395,55.7951],[29.74416,55.77042],[29.68458,55.76975],[29.63006,55.75117],[29.48226,55.68456],[29.41302,55.72487],[29.35338,55.78437],[29.37317,55.83473],[29.39793,55.88106],[29.39612,55.91219],[29.37503,55.9387],[29.0874,56.02113],[29.03175,56.02177],[28.94741,56.00211],[28.79476,55.94258],[28.74081,55.9554],[28.63689,56.06175],[28.56397,56.092],[28.40708,56.08903],[28.3921,56.08671],[28.31634,56.05255],[28.2843,56.05591],[28.14793,56.14293]]}},{"type":"Feature","properties":{},"geometry":{"type":"LineString","coordinates":[[31.76336,52.10108],[31.78238,52.0994],[31.97379,52.04664],[32.04159,52.04504],[32.12226,52.0506],[32.21677,52.08297],[32.28282,52.11403],[32.36302,52.27213],[32.39134,52.29484],[32.43547,52.30725],[32.50792,52.30854],[32.64543,52.27908],[32.8065,52.25262],[32.89973,52.25635],[33.14845,52.34042],[33.2871,52.35355],[33.45184,52.33381],[33.61338,52.33262],[33.73523,52.34476],[33.81885,52.31564],[33.92204,52.25146],[34.01532,52.15596],[34.11304,51.97962],[34.39783,51.78041],[34.40269,51.74149],[34.37933,51.71651],[34.23918,51.69225],[34.12115,51.67917],[34.11542,51.64496],[34.20089,51.55383],[34.20926,51.48409],[34.20657,51.41994],[34.22988,51.36325],[34.27499,51.34017],[34.28068,51.31167],[34.22838,51.27687],[34.21386,51.25537],[34.23422,51.2438],[34.49105,51.23708],[34.71228,51.17223],[34.76039,51.16933],[34.86855,51.1892],[34.99025,51.20173],[35.06409,51.20344],[35.09257,51.18065],[35.11536,51.12083],[35.15809,51.06099],[35.19799,51.04391],[35.31193,51.04391],[35.33472,51.02112],[35.30909,50.98691],[35.31478,50.94989],[35.34614,50.90431],[35.38314,50.79892],[35.41735,50.76757],[35.44014,50.72768],[35.44014,50.6821],[35.39167,50.61092],[35.41162,50.53968],[35.48851,50.45992],[35.54551,50.43997],[35.59109,50.36876],[35.67372,50.34597],[35.79619,50.40576],[35.89019,50.43713],[36.11638,50.40853],[36.18945,50.36783],[36.2434,50.31176],[36.30608,50.28045],[36.36887,50.29683],[36.49982,50.28045],[36.55966,50.23487],[36.61945,50.20924],[36.6964,50.24626],[36.75908,50.29184],[36.98852,50.33956],[37.1312,50.3515],[37.17104,50.36088],[37.25491,50.39496],[37.34318,50.41765],[37.42281,50.4115],[37.50131,50.3407],[37.58234,50.29187],[37.60513,50.21492],[37.70419,50.10906],[37.95027,49.96421],[38.04691,49.92],[38.11249,49.92783],[38.1468,49.93941],[38.16266,49.95452],[38.1776,50.02537],[38.20866,50.05147],[38.25857,50.05235],[38.45122,49.96408],[38.55199,49.95457],[38.64775,49.95287],[38.77668,49.88435],[38.91838,49.82469],[39.02768,49.81841],[39.1748,49.85598],[39.2118,49.83321],[39.24601,49.78195],[39.30296,49.74205],[39.36848,49.73066],[39.46279,49.72802],[39.78055,49.57204],[39.87682,49.56767],[39.95852,49.59077],[40.03066,49.59674],[40.08063,49.57684],[40.0949,49.54266],[40.05784,49.49708],[40.05784,49.43156],[40.12621,49.36887],[40.12828,49.30725],[40.1088,49.25154],[40.06999,49.20028],[39.88974,49.06406],[39.75946,49.03659],[39.68655,49.00791],[39.70562,48.9596],[39.75337,48.91443],[39.86375,48.878],[39.98917,48.85144],[40.00358,48.82208],[39.98446,48.80736],[39.90416,48.79377],[39.7929,48.80772],[39.70458,48.73935],[39.64474,48.59119],[39.76541,48.57187],[39.83564,48.54277],[39.88256,48.41911],[39.88979,48.36046],[39.8499,48.33193],[39.84742,48.30279],[39.86633,48.28842],[39.91811,48.28191],[39.9579,48.26891],[39.961,48.23793],[39.88504,48.16838],[39.77579,47.96446],[39.77869,47.88754],[39.73595,47.84481],[39.65849,47.84121],[39.39096,47.83372],[39.15847,47.83742],[39.0578,47.8485],[38.90029,47.85512],[38.82231,47.83703],[38.71891,47.71409],[38.64057,47.66593],[38.51096,47.62242],[38.36885,47.60996],[38.28741,47.55916],[38.25873,47.47953],[38.25651,47.40894],[38.24328,47.3737],[38.21243,47.3428],[38.20137,47.32078],[38.20798,47.29652],[38.28074,47.27665],[38.28074,47.25905],[38.26534,47.23696],[38.22121,47.21273],[38.20137,47.17526],[38.21439,47.09144]]}},{"type":"Feature","properties":{},"geometry":{"type":"LineString","coordinates":[[43.43945,41.1071],[43.45526,41.06468],[43.51748,41.00484],[43.59169,40.9682],[43.63168,40.92903],[43.69649,40.79413],[43.72263,40.71953],[43.71287,40.64778],[43.66786,40.57406],[43.56936,40.48239],[43.59375,40.44404],[43.61577,40.39332],[43.60843,40.35661],[43.67809,40.2393],[43.70987,40.16649],[43.68331,40.14964],[43.66625,40.12636],[43.79167,40.07024],[43.94205,40.02316],[44.00536,40.01412],[44.17806,40.03575],[44.28921,40.0404],[44.3996,39.99575],[44.56046,39.88759],[44.73384,39.74646],[44.78334,39.68466]]}},{"type":"Feature","properties":{},"geometry":{"type":"LineString","coordinates":[[87.81829,49.16209],[87.93477,49.16457],[87.98805,49.18689],[88.02846,49.21979],[88.11574,49.2563],[88.13429,49.29844],[88.13553,49.38148],[88.19258,49.45171],[88.39334,49.48285],[88.45241,49.47269],[88.54439,49.48256],[88.63317,49.48615],[88.68268,49.46453],[88.7479,49.44623],[88.83166,49.44845],[88.86034,49.48153],[88.86386,49.52762],[88.90013,49.53972],[88.9454,49.50768],[88.97057,49.48375],[89.0084,49.47279],[89.10948,49.50137],[89.18001,49.53225],[89.20291,49.59568],[89.24399,49.62705],[89.29918,49.61113],[89.39561,49.61155],[89.47498,49.66053],[89.57916,49.69971],[89.65409,49.71746],[89.66949,49.7505],[89.63425,49.82329],[89.64386,49.90305],[89.74422,49.94811],[89.87801,49.95354],[89.97733,49.98434],[90.00498,50.0693],[90.05376,50.09374],[90.2245,50.11671],[90.31131,50.15115],[90.51688,50.21332],[90.65507,50.22239],[90.71439,50.25941],[90.76069,50.30597],[90.83805,50.32375],[91.02156,50.41548],[91.34081,50.47005],[91.41502,50.46803],[91.44649,50.52219],[91.52168,50.56203],[91.59692,50.57552],[91.63413,50.61515],[91.70637,50.66554],[91.80425,50.6936],[91.95654,50.69763],[92.10402,50.692],[92.19234,50.70057],[92.2653,50.7752],[92.29579,50.84982],[92.35481,50.86418],[92.42633,50.80308],[92.48643,50.76507],[92.57893,50.72543],[92.62663,50.6883],[92.68135,50.68319],[92.73866,50.71094],[92.77933,50.77866],[92.85648,50.7891],[92.94128,50.77822],[92.96356,50.74491],[92.97069,50.71251],[93.00986,50.65453],[93.10308,50.60391],[93.22256,50.60652],[93.27051,50.61559],[93.62563,50.58557],[93.9899,50.56885],[94.07579,50.57283],[94.25107,50.5564],[94.28699,50.51139],[94.34688,50.30342],[94.35469,50.22184],[94.40016,50.17965],[94.4585,50.16572],[94.4969,50.13283],[94.5646,50.08795],[94.61472,50.02372],[94.67549,50.02808],[94.71807,50.04325],[94.81125,50.04819],[94.93031,50.04377],[95.01294,50.00824],[95.04436,49.96155],[95.11144,49.93545],[95.16626,49.94383],[95.38563,49.94119],[95.44175,49.91551],[95.52268,49.91122],[95.56722,49.94383],[95.70778,49.96599],[95.78933,50.0125],[95.85191,50.01292],[95.89945,49.99057],[95.93573,49.96],[95.98952,49.97359],[96.01856,49.99876],[96.06554,49.99871],[96.11168,49.98248],[96.22971,49.95408],[96.31508,49.90114],[96.38113,49.89602],[96.50577,49.91871],[96.54329,49.89251],[96.59842,49.8784],[96.64018,49.89783],[96.7117,49.91155],[96.98574,49.8828],[97.04915,49.82988],[97.09767,49.80505],[97.13694,49.76172],[97.20857,49.73079],[97.35977,49.74143],[97.54085,49.84311],[97.58937,49.91148],[97.65092,49.93359],[97.72068,49.94465],[97.85396,49.94677],[97.93664,49.99679],[98.00392,50.01426],[98.1034,50.07782],[98.25026,50.30246],[98.29269,50.48694],[98.27946,50.53325],[98.2205,50.5572],[98.145,50.56854],[98.07885,50.60381],[98.02981,50.64464],[97.96196,50.76915],[97.96418,50.8177],[97.95317,50.85516],[97.85613,50.94335],[97.82527,50.98526],[97.83571,51.05166],[97.91085,51.16517],[97.91788,51.21788],[97.92739,51.25072],[97.92325,51.28049],[97.94692,51.34842],[97.98914,51.37707],[98.03761,51.44993],[98.10309,51.48352],[98.18468,51.48575],[98.21993,51.50562],[98.23745,51.5784],[98.30307,51.67429],[98.35279,51.71762],[98.64052,51.80118],[98.7601,51.9051],[98.80258,51.95745],[98.84867,52.07005],[98.89312,52.11728],[98.95813,52.10173],[99.0343,52.0354],[99.09135,52.03486],[99.17615,51.99887],[99.40709,51.92355],[99.53235,51.89988],[99.61287,51.89252],[99.71927,51.87161],[99.78789,51.82753],[99.92163,51.75552],[100.03455,51.7371],[100.46889,51.72609],[100.53622,51.71346],[101.22321,51.51326],[101.30455,51.47474],[101.38123,51.45262],[101.46433,51.47148],[101.57089,51.46719],[101.82115,51.42105],[102.11152,51.35345],[102.15566,51.31377],[102.16005,51.26085],[102.14232,51.21605],[102.15194,51.10753],[102.19452,51.05068],[102.22619,50.90144],[102.21508,50.82943],[102.23503,50.79122],[102.27658,50.76868],[102.31658,50.71845],[102.30335,50.66554],[102.28573,50.63469],[102.28841,50.58513],[102.33642,50.54425],[102.46944,50.5257],[102.54633,50.46131],[102.68332,50.38716],[102.76544,50.36654],[102.8597,50.33326],[103.03943,50.30063],[103.16174,50.29073],[103.23383,50.26427],[103.30437,50.2003],[103.42121,50.18707],[103.49625,50.16495],[103.63288,50.13859],[103.72321,50.15384],[103.80264,50.17606],[103.95849,50.15727],[104.07874,50.15423],[104.17967,50.16944],[104.25992,50.21445],[104.35387,50.27528],[104.46632,50.30613],[104.59639,50.31719],[104.68537,50.34184],[104.97698,50.38289],[105.0947,50.38995],[105.26668,50.46049],[105.38357,50.47372],[105.69255,50.41418],[105.87522,50.40537],[105.99651,50.36791],[106.0825,50.33259],[106.21784,50.30458],[106.57446,50.32879],[106.71109,50.31259],[106.85377,50.2483],[106.94131,50.19668],[107.04022,50.08645],[107.23328,49.9894],[107.63098,49.9831],[107.78684,49.96],[107.91655,49.9478],[107.94781,49.9247],[107.93484,49.84902],[107.93675,49.691],[107.96543,49.65353],[108.00951,49.64689],[108.0338,49.59398],[108.09803,49.56266],[108.21306,49.52478],[108.40695,49.39637],[108.5225,49.34148],[108.61366,49.3228],[108.73303,49.33565],[109.23667,49.3349],[109.45371,49.29635],[109.52869,49.26989],[109.99456,49.20563],[110.19992,49.17041],[110.32136,49.21586],[110.42781,49.21999],[110.52962,49.18708],[110.63111,49.1376],[110.70981,49.14297],[110.82794,49.16615],[111.33665,49.35585],[111.42925,49.34262],[111.57482,49.37642],[111.73559,49.39776],[112.0797,49.42422],[112.37514,49.5146],[112.49492,49.53233],[112.69734,49.50726],[112.80643,49.52359],[112.91479,49.56922],[113.05556,49.61625],[113.09209,49.69252],[113.16418,49.79719],[113.57418,50.00703],[113.73242,50.06154],[113.88114,50.1011],[114.07069,50.20474],[114.22179,50.25727],[114.29703,50.2744],[114.38633,50.25549],[114.55397,50.24146],[114.67489,50.24569],[114.74316,50.23368],[115.00335,50.13859],[115.09802,50.05943],[115.27455,49.94886],[115.36498,49.91176],[115.42921,49.89649],[115.71772,49.88062],[115.92603,49.95215],[116.13454,50.0108],[116.21681,50.00927],[116.35112,49.97809],[116.55116,49.92031],[116.63157,49.87706],[116.6833,49.82378]]}},{"type":"Feature","properties":{},"geometry":{"type":"LineString","coordinates":[[116.6833,49.82378],[116.88897,49.73779],[117.24564,49.62485],[117.47715,49.60943],[117.69848,49.53584],[117.81258,49.51352],[117.87346,49.51349],[118.45151,49.8445],[118.75599,49.96284],[118.97954,49.97886],[119.14749,50.01338],[119.25983,50.0664],[119.32608,50.15492],[119.34623,50.27895],[119.30159,50.35393],[119.19193,50.37985],[119.16371,50.40602],[119.21673,50.43253],[119.2558,50.48418],[119.28071,50.561],[119.34406,50.63391],[119.44566,50.70285],[119.50178,50.77923],[119.51232,50.86312],[119.5734,50.94676],[119.68492,51.03012],[119.746,51.10773],[119.75665,51.17949],[119.81318,51.26705],[119.96697,51.42211],[120.06691,51.60067],[120.23698,51.72299],[120.5105,51.84852],[120.6815,51.97306],[120.74982,52.09651],[120.7445,52.20547],[120.66543,52.29988],[120.65034,52.39592],[120.69923,52.49359],[120.65613,52.56666],[120.52115,52.61503],[120.36002,52.62702],[120.17275,52.60247],[120.06753,52.63291],[120.04428,52.71823],[120.09451,52.78722],[120.21812,52.83988],[120.42131,52.96809],[120.70408,53.17185],[120.98546,53.28458],[121.40544,53.31706],[122.08881,53.45147],[122.33778,53.485],[122.38016,53.46253],[122.51586,53.457],[122.74479,53.46852],[122.95759,53.49772],[123.15406,53.54459],[123.30961,53.55559],[123.42402,53.53076],[123.53471,53.52645],[123.55972,53.52668],[123.60778,53.54653],[123.74095,53.511],[123.99469,53.40563],[124.15431,53.35868],[124.21994,53.3701],[124.29146,53.34085],[124.36913,53.27093],[124.46592,53.22965],[124.63987,53.21065],[124.81236,53.13384],[124.88212,53.12973],[124.90662,53.17267],[124.97096,53.19732],[125.07503,53.20368],[125.22557,53.1658],[125.42245,53.08374],[125.54596,53.04762],[125.59598,53.05749],[125.64905,53.04227],[125.69169,53.00369],[125.69536,52.9563],[125.68078,52.93083],[125.72812,52.89073],[125.78279,52.89073],[125.87188,52.87153],[125.94165,52.80071],[126.04815,52.73947],[126.06014,52.69198],[126.02324,52.64301],[126.01596,52.61023],[126.04593,52.57335],[126.15662,52.54664],[126.19445,52.51915],[126.20297,52.48383],[126.2376,52.44481],[126.31284,52.39975],[126.34167,52.36202],[126.32421,52.33166],[126.34632,52.30626],[126.38353,52.2865],[126.3948,52.17302],[126.45557,52.12646],[126.46807,52.03129],[126.51055,51.92582],[126.6537,51.78128],[126.70082,51.70305],[126.68873,51.60993],[126.7092,51.56628],[126.77452,51.54507],[126.80542,51.50564],[126.8018,51.44805],[126.84774,51.37418],[126.83384,51.31488],[126.85441,51.26137],[126.88774,51.23013],[126.91151,51.17233],[126.92484,51.10014],[127.02039,50.98588],[127.19826,50.82946],[127.30699,50.70796],[127.34683,50.62135],[127.34719,50.55009],[127.30823,50.49418],[127.30606,50.45351],[127.34079,50.42809],[127.35117,50.39362],[127.33722,50.35016],[127.39525,50.29858],[127.59028,50.20898],[127.51235,50.07167],[127.49178,49.97504],[127.50243,49.87342],[127.5508,49.80179],[127.63669,49.76019],[127.69017,49.71676],[127.71115,49.67154],[127.8143,49.62214],[127.99961,49.5686],[128.23706,49.5593],[128.52676,49.59423],[128.70401,49.60013],[128.76902,49.57697],[128.79103,49.54183],[128.77026,49.49471],[128.81935,49.46375],[128.93831,49.44892],[129.02027,49.41926],[129.06512,49.37466],[129.12011,49.36205],[129.18512,49.38138],[129.24842,49.37864],[129.30986,49.35384],[129.35007,49.36236],[129.38469,49.38944],[129.49817,49.38882],[129.53373,49.32342],[129.5914,49.28666],[129.67108,49.27849],[129.79252,49.19886],[130.03706,48.97226],[130.19601,48.89164],[130.35528,48.86637],[130.55315,48.8612],[130.61717,48.77317],[130.5656,48.68013],[130.55211,48.60251],[130.59728,48.57466],[130.65924,48.4834],[130.74688,48.43038],[130.76342,48.38842],[130.80424,48.34149],[130.78719,48.25457],[130.71205,48.12766],[130.73257,48.01924],[130.84863,47.92943],[130.9154,47.84292],[130.93287,47.7598],[130.96196,47.70931],[131.00278,47.69146],[131.12185,47.69763],[131.31935,47.72781],[131.46425,47.72262],[131.55676,47.68203],[131.78527,47.6805],[132.14979,47.71797],[132.38017,47.72949],[132.47629,47.71497],[132.56186,47.76851],[132.6369,47.8901],[132.70718,47.94725],[132.77281,47.94007],[132.87709,47.97909],[133.02013,48.06441],[133.14405,48.10564],[133.46837,48.09717],[133.57327,48.13303],[133.67177,48.2077],[133.8422,48.27375],[134.2059,48.35989],[134.29338,48.37343],[134.45617,48.35534],[134.56355,48.32173],[134.6652,48.25393],[134.6808,48.21044],[134.66933,48.15334],[134.64721,48.12016],[134.60536,48.08291],[134.56598,48.0225],[134.65031,47.87429],[134.75232,47.71541],[134.72809,47.68448],[134.69579,47.62487],[134.59616,47.52387],[134.5419,47.48516],[134.4835,47.44739],[134.38253,47.43824],[134.29085,47.41359],[134.26005,47.37773],[134.16766,47.30218],[134.16295,47.25872],[134.18926,47.19423],[134.20212,47.12805],[134.13691,47.06901],[134.07138,46.95078],[134.03857,46.85817],[134.0226,46.71317],[133.95754,46.61424],[133.86659,46.49913],[133.90276,46.36694],[133.88023,46.33604],[133.86132,46.24777],[133.83279,46.22426],[133.75021,46.18592],[133.70071,46.13977],[133.71115,46.06964],[133.68572,46.00895],[133.64779,45.95523],[133.608,45.9203],[133.51312,45.8788],[133.4847,45.81043],[133.47581,45.75765],[133.44915,45.70507],[133.46558,45.65122],[133.43643,45.60471],[133.30952,45.55306],[133.26694,45.54528],[133.18601,45.49485],[133.11335,45.32142],[133.09692,45.22047],[133.11346,45.13073],[132.936,45.02991],[132.83864,45.06113],[132.72314,45.08056],[132.54905,45.1228],[131.97751,45.24398],[131.90924,45.27372],[131.85183,45.32685],[131.79488,45.3053],[131.74207,45.24261],[131.65401,45.20535],[131.57877,45.08366],[131.44689,44.98402],[131.2683,44.93612],[131.22799,44.92015],[131.08231,44.91002],[131.03296,44.88889],[130.9817,44.84432],[130.96775,44.79995],[131.00392,44.75324],[131.06066,44.65968],[131.08691,44.59568],[131.25528,44.07157],[131.21331,44.00292],[131.17425,43.70475],[131.18365,43.65088],[131.18246,43.50559],[131.24391,43.46903],[131.26179,43.43306],[131.25734,43.37808],[131.23936,43.33767],[131.17564,43.1422],[131.08619,43.0381],[131.0835,42.95629],[131.06857,42.90227],[131.00557,42.88312],[130.94284,42.85175],[130.86853,42.86333],[130.80326,42.85682],[130.72249,42.83584],[130.57728,42.8116],[130.49294,42.77909],[130.45274,42.75543],[130.42478,42.72703],[130.41998,42.69987],[130.4392,42.68553],[130.52059,42.67432],[130.57656,42.62324],[130.58446,42.56732],[130.52695,42.53539]]}},{"type":"Feature","properties":{},"geometry":{"type":"LineString","coordinates":[[130.52695,42.53539],[130.49822,42.57053],[130.45031,42.58169],[130.3607,42.63083],[130.29559,42.68494],[130.24671,42.74483],[130.24883,42.87263],[130.24035,42.89178],[130.15126,42.91795],[130.1248,42.95598],[130.08263,42.97417],[130.02228,42.9626],[129.97701,42.97484],[129.94125,42.99567],[129.89825,42.99815],[129.86105,42.96508],[129.84151,42.89423],[129.77919,42.77656],[129.7734,42.70546],[129.74653,42.60381],[129.71976,42.47498],[129.6978,42.44813],[129.62798,42.44428],[129.6039,42.43591],[129.56752,42.39209],[129.5237,42.38465],[129.48484,42.41028],[129.42366,42.43591],[129.36578,42.43922],[129.31369,42.41359],[129.2525,42.35788],[129.21778,42.31271],[129.19545,42.21846],[129.1337,42.16851],[129.07722,42.14239],[128.96064,42.0688],[128.92343,42.03821],[128.74897,42.04069],[128.6267,42.02085],[128.42723,42.01072],[128.30786,42.02565],[128.16017,42.0116],[128.04524,41.98751],[128.0287,41.95163],[128.03294,41.89848],[128.05609,41.86375],[128.0842,41.8406],[128.18177,41.70004],[128.25784,41.65539],[128.28925,41.60743],[128.29091,41.56279],[128.20027,41.433],[128.14942,41.38773],[128.11123,41.38926],[128.05278,41.41561],[128.0131,41.44868],[127.91868,41.46114],[127.68764,41.44],[127.57219,41.45476],[127.517,41.48176],[127.42037,41.48377],[127.27082,41.51984],[127.17966,41.53137],[127.13666,41.55452],[127.1284,41.60743],[127.0854,41.64382],[127.06127,41.68735],[127.0069,41.74205],[126.95476,41.76949],[126.9035,41.78107],[126.78774,41.71823],[126.7431,41.72484],[126.7216,41.71658],[126.697,41.69187],[126.60124,41.64097],[126.57835,41.59436],[126.54011,41.49556],[126.51355,41.39401],[126.4904,41.35807],[126.45143,41.35184],[126.41185,41.32133],[126.25362,41.1378],[126.14448,41.07827],[126.09321,41.0237],[126.06675,40.97409],[125.98903,40.90464],[125.87493,40.89223],[125.78403,40.87203],[125.72827,40.8667],[125.68823,40.83867],[125.64508,40.77896],[125.59381,40.77896],[125.41687,40.6599],[125.31445,40.64463],[125.18588,40.58938],[125.07291,40.54745],[125.02599,40.52388],[124.99685,40.46477],[124.94228,40.45815],[124.88936,40.4598],[124.77195,40.38374],[124.71242,40.31924],[124.48101,40.18166],[124.38665,40.10427],[124.36216,40.00404]]}},{"type":"Feature","properties":{},"geometry":{"type":"LineString","coordinates":[[130.52695,42.53539],[130.55413,42.47469],[130.618,42.4156],[130.65154,42.3725],[130.65795,42.32778],[130.68735,42.30253]]}},{"type":"Feature","properties":{},"geometry":{"type":"LineString","coordinates":[[70.95797,40.23889],[70.65308,40.20116],[70.60275,40.21413],[70.56585,40.26715],[70.53356,40.32449],[70.46994,40.34534],[70.39827,40.36136],[70.37155,40.38415],[70.36974,40.412],[70.38256,40.4535],[70.71205,40.66909],[70.75106,40.72175],[70.75101,40.73958],[70.63913,40.77854],[70.63479,40.79658],[70.65732,40.81508],[70.65732,40.83965],[70.57826,40.91146],[70.44147,41.02344],[70.40194,41.03509],[70.37269,41.02765],[70.31899,40.91926],[70.29207,40.89172],[70.13627,40.8204],[69.77319,40.68429],[69.71283,40.657],[69.67082,40.66196],[69.62844,40.67907],[69.49822,40.76707],[69.41388,40.79715],[69.35719,40.76738],[69.30939,40.72392],[69.31394,40.63476],[69.25999,40.58765],[69.2063,40.56657],[69.30422,40.32738],[69.29446,40.29656],[69.21958,40.28814],[69.27487,40.19809],[69.22826,40.1876],[69.11033,40.20873],[68.95174,40.22261],[68.65259,40.18266],[68.63067,40.16711],[68.62241,40.14727],[68.63972,40.1292],[68.78462,40.12711],[68.92688,40.13631],[68.96605,40.11957],[68.97205,40.08996],[68.95562,40.07135],[68.90849,40.0682],[68.80472,40.05032],[68.79273,40.03151],[68.78942,40.01332],[68.82446,39.96079],[68.86384,39.92733],[68.8688,39.90749],[68.85226,39.89095],[68.83242,39.88434],[68.79769,39.90914],[68.77785,39.90418],[68.75821,39.85555],[68.73527,39.83623],[68.6869,39.8463],[68.63894,39.83886],[68.61031,39.74326],[68.58613,39.63495],[68.50696,39.56278],[68.46329,39.53671],[68.39906,39.52885],[68.30305,39.53769],[68.24496,39.54828],[68.07712,39.56415],[67.71905,39.62138],[67.54247,39.55764],[67.49167,39.51875],[67.45953,39.4824],[67.4262,39.46558],[67.34962,39.24208],[67.35768,39.21668],[67.40036,39.1967],[67.61647,39.15027],[67.64836,39.13105],[67.66727,39.10919],[67.67652,39.0085],[67.6944,38.99465],[67.7685,38.98222],[67.87568,38.98302],[67.9596,38.99292],[68.04435,38.98362],[68.10347,38.96199],[68.13251,38.92765],[68.14853,38.89065],[68.04787,38.66929],[68.05598,38.58894],[68.08719,38.47354],[68.14414,38.38308],[68.25142,38.29451],[68.33307,38.23777],[68.35028,38.21105],[68.35452,38.16956],[68.34123,38.1168],[68.29405,38.03292],[68.23649,37.95965],[68.17406,37.92843],[68.08761,37.83544],[68.01097,37.72095],[67.86354,37.57068],[67.81434,37.48701],[67.79806,37.24496],[67.759,37.17223]]}},{"type":"Feature","properties":{},"geometry":{"type":"LineString","coordinates":[[35.89267,35.91657],[35.96755,35.91006],[36.12734,35.83146],[36.15359,35.83386],[36.20196,35.93755],[36.24888,35.97269],[36.34753,36.00354],[36.37543,36.17125],[36.42148,36.20345],[36.47708,36.22068],[36.5624,36.22394],[36.63676,36.23396],[36.64146,36.26352],[36.53744,36.45741],[36.59687,36.70135],[36.62839,36.7777],[36.65857,36.80256],[36.7766,36.79269],[36.94176,36.7584],[36.98532,36.70241],[37.06619,36.65265],[37.18743,36.6559],[37.43635,36.64332],[37.52353,36.67833],[37.72036,36.7437],[37.81798,36.76556],[37.90666,36.79465],[38.19171,36.90155],[38.30591,36.89338],[38.38394,36.87925],[38.44378,36.86225],[38.57804,36.78912],[38.68888,36.71507],[38.76666,36.69314],[38.90649,36.69466],[39.10845,36.68055],[39.3566,36.68159],[39.50144,36.70223],[39.6865,36.73864],[40.0164,36.82605],[40.45038,37.00888],[40.70571,37.09771],[40.81558,37.10817],[40.95887,37.10916],[41.10217,37.0859],[41.26459,37.06931],[41.33958,37.07079],[41.51553,37.08918],[41.74353,37.12611],[41.88683,37.15639],[42.05989,37.20605],[42.1679,37.28863],[42.20268,37.29726],[42.26851,37.27659],[42.31285,37.22961],[42.359,37.10859]]}},{"type":"Feature","properties":{},"geometry":{"type":"LineString","coordinates":[[35.45053,31.47932],[35.4235,31.32483],[35.40066,31.2305],[35.43932,31.13242],[35.38304,30.98227],[35.32015,30.86018],[35.29783,30.80225],[35.23664,30.67348],[35.17406,30.52393],[35.14063,30.42091],[35.14817,30.38432],[35.13267,30.19531],[35.14161,30.14167],[35.06818,29.97786],[35.05345,29.89694],[35.02394,29.78707],[34.9734,29.55502]]}},{"type":"Feature","properties":{},"geometry":{"type":"LineString","coordinates":[[35.55145,32.39552],[35.57202,32.23788],[35.53471,32.103],[35.53151,31.98492],[35.559,31.76553],[35.49947,31.67238],[35.46546,31.56236],[35.45053,31.47932]]}},{"type":"Feature","properties":{},"geometry":{"type":"LineString","coordinates":[[35.61124,32.68206],[35.57285,32.64085],[35.55145,32.39552]]}},{"type":"Feature","properties":{},"geometry":{"type":"LineString","coordinates":[[88.1098,27.8706],[87.93337,27.89083],[87.86071,27.8861],[87.68274,27.8214],[87.62259,27.8152],[87.46415,27.82383],[87.29072,27.82192],[87.14138,27.83833],[87.02009,27.92866],[86.93385,27.96847],[86.84238,27.99917],[86.7504,28.02209],[86.71965,28.07064],[86.6905,28.09493],[86.61443,28.10301],[86.55454,28.08521],[86.51692,27.96351],[86.48493,27.93954],[86.40871,27.92866],[86.32861,27.95953],[86.21792,28.02209],[86.1742,28.0917],[86.137,28.11433],[86.0787,28.08358],[86.0755,27.99457],[86.06413,27.9347],[85.99458,27.91042],[85.95411,27.92822],[85.84027,28.13536],[85.75945,28.22066],[85.67832,28.27745],[85.41063,28.27603],[85.21214,28.29264],[85.12243,28.31595],[85.08858,28.37227],[85.12145,28.48426],[85.1601,28.57185],[85.15907,28.59223],[85.12631,28.60265],[85.06915,28.60968],[84.85511,28.55361],[84.79687,28.56022],[84.71424,28.59554],[84.67677,28.62153],[84.65063,28.65954],[84.46547,28.75292],[84.4108,28.80393],[84.31215,28.86811],[84.22869,28.91175],[84.10136,29.21997],[84.02198,29.25387],[83.93599,29.27951],[83.67105,29.18762],[83.58351,29.18359],[83.45669,29.30633],[83.3552,29.43913],[83.23521,29.5546],[83.15542,29.61266],[83.01393,29.61809],[82.8543,29.68338],[82.48657,29.94148],[82.22065,30.06385],[82.15894,30.11516],[82.13538,30.15899],[82.09895,30.24508],[82.0434,30.32678],[81.85488,30.36241],[81.64192,30.38753],[81.41713,30.33761],[81.25512,30.09331],[81.1772,30.03987],[81.11033,30.0368],[81.0556,30.09899],[81.01023,30.16452]]}},{"type":"Feature","properties":{},"geometry":{"type":"LineString","coordinates":[[97.32251,28.21799],[97.30277,28.08599],[97.33915,28.03087],[97.34355,27.98235],[97.33512,27.93773],[97.30618,27.90708],[97.22609,27.89006],[96.9628,27.69828],[96.8997,27.64387],[96.87686,27.58674],[96.88363,27.51486],[96.90192,27.43959],[97.10377,27.16333],[97.10206,27.11543],[97.03809,27.10204],[96.95339,27.13328],[96.88027,27.17782],[96.79779,27.29622],[96.73165,27.33151],[96.66576,27.33926],[96.27421,27.27836],[96.1908,27.26128],[96.06145,27.2171],[95.97092,27.12809],[95.90529,27.04664],[95.83728,27.0138],[95.73837,26.95042],[95.46382,26.75604],[95.30507,26.67225],[95.20146,26.6414],[95.1287,26.59729],[95.05981,26.47399],[95.05087,26.34728],[95.06896,26.19114],[95.10844,26.09143],[95.12932,26.0704],[95.13247,26.04125],[95.09294,25.9873],[95.01521,25.91294],[94.99196,25.77047],[94.94576,25.70024],[94.86111,25.5972],[94.78587,25.51932],[94.66774,25.45886],[94.62289,25.41003],[94.57994,25.31985],[94.55441,25.24345],[94.55302,25.21572],[94.56651,25.19151],[94.67529,25.13857],[94.70376,25.09785],[94.70758,25.04876],[94.6633,24.93099],[94.58408,24.76725],[94.39944,24.51406],[94.29304,24.32187],[94.17025,23.97265],[94.12767,23.87648],[94.07475,23.87208],[94.01083,23.90293],[93.85549,23.94391],[93.75586,23.97691],[93.68336,24.00652],[93.63328,24.00536],[93.56404,23.98608],[93.49381,23.97285],[93.45216,23.9874],[93.35557,24.07411],[93.32627,24.06419],[93.30736,24.02187],[93.37252,23.77416],[93.41495,23.68209],[93.40808,23.52805],[93.39128,23.33917],[93.36601,23.13252],[93.34937,23.08495],[93.30803,23.03038],[93.25346,23.01549],[93.20385,23.03699],[93.16416,23.03203],[93.15093,22.9973],[93.16251,22.90796],[93.07869,22.71823],[93.0882,22.63324],[93.10505,22.5471],[93.16199,22.36019],[93.16241,22.2919],[93.15114,22.23063],[93.12148,22.20518],[93.07058,22.20942],[93.04298,22.184],[93.02195,22.14568],[92.96454,22.00377],[92.90945,21.98892],[92.85431,22.01013],[92.77142,22.1048],[92.72099,22.13245],[92.68895,22.13098],[92.65262,22.0493],[92.63035,22.01132],[92.5749,21.97809]]}},{"type":"Feature","properties":{},"geometry":{"type":"LineString","coordinates":[[100.1225,20.31664],[100.00364,20.37958],[99.95424,20.41545],[99.89037,20.42441],[99.82526,20.38449],[99.77337,20.34129],[99.72015,20.32543],[99.6387,20.32047],[99.45887,20.36305],[99.44797,20.35207],[99.4875,20.26062],[99.50166,20.18773],[99.4859,20.14986],[99.45153,20.11831],[99.39924,20.09345],[99.33795,20.07893],[99.28369,20.0804],[99.19692,20.11515],[99.13078,20.1166],[99.07419,20.09937],[99.03977,20.07366],[99.02065,20.04177],[98.98737,19.8614],[98.95797,19.80494],[98.91673,19.7729],[98.8758,19.76959],[98.81953,19.77848],[98.76062,19.77107],[98.49386,19.70133],[98.45495,19.69446],[98.37129,19.68919],[98.23905,19.69068],[98.11105,19.76215],[98.04903,19.76975],[98.01503,19.74949],[97.99126,19.65371],[97.91643,19.59286],[97.8168,19.45998],[97.79349,19.26585],[97.80388,19.13049],[97.71417,18.99646],[97.70606,18.93179],[97.75401,18.62083],[97.74585,18.58817],[97.72771,18.57202],[97.67159,18.56124],[97.57733,18.52871],[97.51511,18.49773],[97.48493,18.49422],[97.39703,18.51753],[97.37393,18.51797],[97.38065,18.4943],[97.45083,18.35965],[97.52379,18.29589],[97.59935,18.30297],[97.63226,18.29036],[97.62244,18.25803],[97.65159,18.17372],[97.7197,18.0374],[97.73996,17.93531],[97.69856,17.83354],[97.70642,17.79711],[97.72905,17.77581],[97.79303,17.68125],[97.92935,17.5333],[98.25657,17.14764],[98.43888,16.97566],[98.47118,16.89504],[98.4781,16.73223],[98.52311,16.63816],[98.59365,16.51481],[98.66078,16.33042],[98.6893,16.30541],[98.83545,16.41755],[98.86935,16.39419],[98.88826,16.3519],[98.88852,16.2981],[98.86552,16.23705],[98.81793,16.1808],[98.59236,16.05067],[98.57396,15.93861],[98.55815,15.76862],[98.55448,15.55975],[98.56528,15.40356],[98.55696,15.36767],[98.53727,15.35069],[98.45216,15.35736],[98.32943,15.27858],[98.28613,15.2716],[98.23228,15.24134],[98.19104,15.20409],[98.17791,15.1474],[98.2021,14.97593],[98.24602,14.81475],[98.495,14.47289],[98.57004,14.35992],[98.72119,14.23572],[98.93363,14.04984],[99.01466,13.94716],[99.08623,13.82277],[99.13682,13.71668],[99.15605,13.57576],[99.1717,13.4969],[99.1762,13.23304],[99.13713,13.17299],[99.10737,13.10354],[99.1239,13.03078],[99.17351,12.96133],[99.17351,12.88195],[99.21981,12.73974],[99.29733,12.65287],[99.37195,12.59422],[99.40502,12.54792],[99.39427,12.47361],[99.4629,12.19021],[99.52295,12.08968],[99.61473,11.78119],[99.6125,11.74967],[99.57287,11.68714],[99.5152,11.63069],[99.47794,11.6125],[99.44264,11.55439],[99.35882,11.38943],[99.19015,11.10527],[99.02536,10.91995],[98.88712,10.78833],[98.78687,10.70844],[98.75721,10.66095],[98.75726,10.62359],[98.77535,10.55703],[98.76837,10.43084],[98.71845,10.26601],[98.70253,10.19039]]}},{"type":"Feature","properties":{},"geometry":{"type":"MultiLineString","coordinates":[[[103.0912,18.13825],[103.09234,18.1414],[103.09038,18.13706],[103.0912,18.13825]],[[103.0912,18.13825],[103.14852,18.22173],[103.19968,18.25945],[103.26319,18.27847],[103.27962,18.30498],[103.24892,18.33898],[103.25171,18.37348],[103.28825,18.40841],[103.36695,18.42332],[103.48798,18.41815],[103.62967,18.38255],[103.79225,18.31648],[103.89886,18.29529],[103.94955,18.31901],[104.04872,18.21672],[104.1962,17.98836],[104.32266,17.81581],[104.42818,17.69897],[104.53923,17.60929],[104.65592,17.54673],[104.73968,17.46167],[104.81606,17.30029],[104.75901,17.07715],[104.74351,16.88437],[104.75064,16.64754],[104.81937,16.46608],[104.9499,16.33993],[105.02577,16.238],[105.04716,16.16025],[105.14876,16.09354],[105.33066,16.03791],[105.40631,15.98745],[105.37561,15.94218],[105.37319,15.88968],[105.39892,15.82986],[105.46202,15.78041],[105.56237,15.74126],[105.62211,15.69997],[105.64103,15.65654],[105.63891,15.58595],[105.61565,15.48825],[105.57374,15.41322],[105.51318,15.36087],[105.49044,15.25659],[105.49044,15.1276],[105.53343,15.04161],[105.54666,14.93247],[105.5231,14.84331],[105.50021,14.66122],[105.49736,14.59069],[105.47556,14.53012],[105.42269,14.47162],[105.34213,14.41669],[105.24363,14.36786],[105.18333,14.34626]],[[100.1225,20.31664],[100.11495,20.25768],[100.13976,20.24543],[100.17412,20.27277],[100.21805,20.33959],[100.266,20.37731],[100.31799,20.38589],[100.37313,20.34036],[100.43152,20.24073],[100.49157,20.18409],[100.51948,20.17792],[100.53994,20.13236],[100.54304,20.0887],[100.51452,19.99635],[100.46625,19.88892],[100.39762,19.75611],[100.42016,19.64449],[100.51359,19.55348],[100.62547,19.49984],[100.74391,19.51475],[100.8068,19.54193],[100.85816,19.58506],[100.90602,19.60537],[100.96648,19.61079],[101.15463,19.57922],[101.21194,19.54834],[101.22078,19.48661],[101.19758,19.32792],[101.22662,19.21154],[101.2799,19.08891],[101.2863,18.97714],[101.22052,18.79276],[101.16554,18.6183],[101.10631,18.53355],[101.06043,18.47903],[101.04694,18.44198],[101.05061,18.40704],[101.09278,18.35454],[101.13753,18.28687],[101.14874,18.22214],[101.14394,18.14261],[101.11324,18.03352],[100.99898,17.79718],[100.9085,17.58386],[100.95588,17.54113],[101.04575,17.50997],[101.10518,17.47953],[101.1675,17.49901],[101.29969,17.62502],[101.41369,17.71874],[101.56365,17.82051],[101.68747,17.8894],[101.74411,17.9527],[101.7748,18.03342],[101.81862,18.06463],[101.87547,18.04642],[101.94745,18.08148],[102.03458,18.16985],[102.1015,18.21065],[102.14821,18.20388],[102.23167,18.14897],[102.35187,18.04593],[102.45879,17.98464],[102.55253,17.96511],[102.59821,17.92676],[102.59604,17.86961],[102.61682,17.83333],[102.66064,17.81796],[102.68007,17.82411],[102.67521,17.85175],[102.71764,17.89224],[102.80745,17.94557],[102.89866,17.97689],[102.99137,17.98624],[103.05131,18.02851],[103.0912,18.13825]]]}},{"type":"Feature","properties":{},"geometry":{"type":"LineString","coordinates":[[101.13892,21.56747],[101.08037,21.46866],[100.92751,21.36622],[100.81951,21.3142],[100.75662,21.31265],[100.70314,21.25139],[100.65921,21.13039],[100.61368,21.05934],[100.56666,21.03817],[100.53617,20.99239],[100.52222,20.92193],[100.54935,20.88423],[100.61766,20.87927],[100.62293,20.85955],[100.56516,20.82511],[100.49333,20.81299],[100.40744,20.82323],[100.3261,20.79568],[100.24931,20.73026],[100.18389,20.58911],[100.12963,20.37222],[100.1225,20.31664]]}},{"type":"Feature","properties":{},"geometry":{"type":"LineString","coordinates":[[97.32251,28.21799],[97.35647,28.2545],[97.43145,28.3539],[97.5379,28.51022],[97.59924,28.51705],[97.65888,28.50002],[97.69464,28.46935],[97.73009,28.4071],[97.76905,28.35615],[97.81649,28.35633],[97.86496,28.36359],[97.8876,28.35649],[97.93405,28.31383],[98.02232,28.21153],[98.06164,28.18588],[98.09895,28.14226],[98.11838,28.05524],[98.13048,27.9676],[98.24106,27.66317],[98.29884,27.5501],[98.35046,27.53809],[98.39242,27.58708],[98.40886,27.63948],[98.45252,27.65723],[98.50451,27.64767],[98.65117,27.57245],[98.6768,27.42192],[98.68238,27.24531],[98.67484,27.19064],[98.71649,27.04494],[98.7385,26.78576],[98.73938,26.69816],[98.73189,26.58342],[98.70946,26.4297],[98.67184,26.29855],[98.68558,26.18936],[98.66316,26.13944],[98.572,26.11407],[98.56409,26.07241],[98.59102,26.00368],[98.65463,25.91777],[98.65628,25.86356],[98.62538,25.82669],[98.55836,25.82326],[98.46555,25.78887],[98.40167,25.67797],[98.33382,25.58678],[98.29662,25.56883],[98.17254,25.59451],[98.14288,25.5711],[98.09957,25.41571],[98.06407,25.34897],[98.01074,25.29251],[97.96201,25.25931],[97.91798,25.23613],[97.81949,25.25184],[97.76735,25.15805],[97.71495,25.03434],[97.71076,24.97036],[97.73794,24.86988],[97.72389,24.842],[97.67066,24.82011],[97.58327,24.77482],[97.52938,24.63118],[97.53144,24.49168],[97.56328,24.44386],[97.62358,24.42293],[97.66663,24.37996],[97.67071,24.31273],[97.70818,24.22875],[97.69061,24.1308],[97.56829,23.98848],[97.56457,23.91105],[97.62963,23.88715],[97.68606,23.89808],[97.75561,23.93187],[97.83768,23.98629],[98.01689,24.06546],[98.21254,24.11062],[98.36726,24.11902],[98.49945,24.11569],[98.56414,24.09884],[98.58342,24.0698],[98.76439,24.11607],[98.83508,24.12122],[98.834,24.09057],[98.7016,23.96407],[98.67675,23.9051],[98.68088,23.8418],[98.73509,23.7831],[98.7877,23.73785],[98.83224,23.62437],[98.79788,23.52043],[98.81974,23.48255],[98.85886,23.44009],[98.88257,23.38033],[98.88557,23.30747],[98.86376,23.19125],[99.05507,23.13058],[99.22028,23.10334],[99.34084,23.0959],[99.41805,23.06926],[99.46455,23.04624],[99.49727,23.00462],[99.50714,22.95914],[99.46678,22.92728],[99.38518,22.82512],[99.33826,22.68869],[99.34322,22.58653],[99.33769,22.49806],[99.24307,22.37037],[99.20535,22.28257],[99.17238,22.1925],[99.17341,22.15333],[99.19299,22.12599],[99.23335,22.11018],[99.30312,22.10062],[99.38864,22.1108],[99.59271,22.08914],[99.82536,22.04969],[99.91771,22.02801],[99.94788,21.98832],[99.94039,21.90161],[99.92561,21.82081],[99.9407,21.75872],[99.97822,21.70162],[100.09552,21.66067],[100.10576,21.61705],[100.08927,21.55791],[100.11676,21.51117],[100.14761,21.48052],[100.21474,21.46298],[100.35055,21.50101],[100.44568,21.48406],[100.53136,21.4581],[100.60459,21.47176],[100.67709,21.50494],[100.83512,21.65516],[101.01939,21.73637],[101.07975,21.75586],[101.12068,21.74611],[101.13081,21.73557],[101.12817,21.70511],[101.14729,21.58163],[101.13892,21.56747]]}},{"type":"Feature","properties":{},"geometry":{"type":"LineString","coordinates":[[102.12744,22.3792],[102.18304,22.28404],[102.30138,22.17816],[102.44267,22.02713],[102.48747,21.95776],[102.5825,21.90432],[102.60969,21.85174],[102.63129,21.77133],[102.64079,21.71144],[102.66198,21.67604],[102.69537,21.66209],[102.73857,21.67795],[102.77107,21.70966],[102.7982,21.79795],[102.81593,21.80738],[102.84523,21.73477],[102.87623,21.72229],[102.91768,21.71294],[102.94961,21.68136],[102.95922,21.62623],[102.94858,21.56979],[102.90962,21.50634],[102.8875,21.43996],[102.87231,21.33751],[102.85122,21.26594],[102.88378,21.20261],[103.10444,20.89165],[103.21079,20.84064],[103.46359,20.77984],[103.63505,20.69708],[103.71442,20.71693],[103.79049,20.80953],[103.88201,20.86141],[104.05203,20.9412],[104.10133,20.94549],[104.19533,20.91394],[104.34963,20.82108],[104.46141,20.73375],[104.58321,20.6467],[104.57525,20.60024],[104.53272,20.55487],[104.47862,20.5296],[104.40787,20.48573],[104.36782,20.44139],[104.39221,20.42477],[104.49619,20.41366],[104.61887,20.37449],[104.65649,20.3285],[104.6769,20.22471],[104.69876,20.20533],[104.81265,20.21683],[104.84779,20.20246],[104.88862,20.16911],[104.92918,20.08281],[104.92789,20.01813],[104.84578,19.94718],[104.81513,19.90403],[104.8018,19.83615],[104.7432,19.75474],[104.58786,19.61875],[104.54631,19.61056],[104.25987,19.68552],[104.03198,19.67513],[104.01342,19.64648],[104.05151,19.56415],[104.06293,19.48258],[104.02753,19.42047],[103.93203,19.36608],[103.89638,19.33998],[103.89162,19.30497],[103.91839,19.26851],[104.00634,19.23092],[104.10861,19.19557],[104.4458,18.98383],[104.61328,18.86063],[104.71653,18.8034],[104.99311,18.72831],[105.11517,18.67886],[105.14648,18.65098],[105.1454,18.6168],[105.11351,18.57303],[105.087,18.49624],[105.08581,18.45011],[105.11455,18.40529],[105.16322,18.33873],[105.27319,18.23537],[105.3335,18.18964],[105.40001,18.17925],[105.45825,18.15429],[105.58852,17.98371],[105.59762,17.91829],[105.62728,17.83442],[105.69146,17.73786],[105.77952,17.64445],[105.90277,17.52865],[106.00627,17.41527],[106.26951,17.21678],[106.33339,17.14368],[106.42599,17.00253],[106.46537,16.98186],[106.50226,16.95408],[106.52593,16.87662],[106.54619,16.65074],[106.59363,16.60007],[106.6375,16.53796],[106.65647,16.49261],[106.6961,16.459],[106.73956,16.45254],[106.83237,16.52628],[106.85108,16.51561],[106.89273,16.39652],[106.93066,16.35311],[107.00198,16.31182],[107.06978,16.27983],[107.21736,16.13635],[107.29643,16.08403],[107.35007,16.06739],[107.39637,16.043],[107.41012,15.99784],[107.39203,15.95164],[107.36061,15.92172],[107.18884,15.83862],[107.16589,15.8025],[107.18956,15.74726],[107.23261,15.67806],[107.27943,15.61871],[107.3388,15.5605],[107.45952,15.46583],[107.56432,15.39162],[107.62168,15.30987],[107.65315,15.25522],[107.63367,15.18985],[107.55533,15.05704],[107.49631,15.02143],[107.48034,14.97986],[107.52448,14.87183],[107.51378,14.81739],[107.51941,14.7051]]}},{"type":"Feature","properties":{},"geometry":{"type":"LineString","coordinates":[[27.40332,5.1092],[27.11497,5.19785],[27.07182,5.19973],[27.0206,5.18439],[26.87007,5.07566],[26.82206,5.06238],[26.63257,5.08522],[26.17352,5.17116],[25.81995,5.25371],[25.71391,5.28371],[25.52509,5.31213],[25.40013,5.25591],[25.28314,5.06269],[25.24934,5.02455],[25.06522,4.96742],[24.9784,4.98295],[24.7655,4.93009],[24.43709,5.00998],[24.31979,4.99417],[24.2277,4.95386],[24.0,4.86935]]}},{"type":"Feature","properties":{},"geometry":{"type":"LineString","coordinates":[[30.55362,-2.40011],[30.53372,-2.42626],[30.442,-2.61343],[30.42422,-2.6416],[30.43435,-2.65886],[30.47337,-2.69431],[30.44127,-2.76908],[30.42401,-2.82407],[30.43347,-2.8745],[30.45554,-2.89321],[30.51507,-2.91755],[30.60426,-2.93527],[30.70947,-2.97723],[30.78027,-2.98488],[30.79691,-3.01516],[30.7936,-3.06932],[30.81112,-3.1164],[30.81143,-3.20058],[30.79024,-3.27458],[30.68178,-3.30941],[30.62607,-3.34734],[30.61098,-3.36636],[30.62462,-3.38868],[30.63191,-3.41865],[30.5299,-3.49245],[30.42505,-3.58888],[30.40004,-3.65389],[30.37916,-3.73078],[30.34846,-3.77982],[30.26857,-3.85051],[30.18713,-3.99288],[30.14713,-4.08538],[29.9473,-4.30728],[29.76948,-4.41808],[29.7178,-4.45585],[29.4032,-4.44929]]}},{"type":"Feature","properties":{},"geometry":{"type":"LineString","coordinates":[[29.01438,-2.7202],[29.01661,-2.79962],[29.15319,-2.95527],[29.2244,-3.05351],[29.22605,-3.13872],[29.21231,-3.2813],[29.21008,-3.36331],[29.21716,-3.4757],[29.21184,-3.83382],[29.22326,-3.91087],[29.33137,-4.09541],[29.37917,-4.29974],[29.4032,-4.44929]]}},{"type":"Feature","properties":{},"geometry":{"type":"LineString","coordinates":[[29.57693,-1.38787],[29.53776,-1.40973],[29.468,-1.46808],[29.40196,-1.5074],[29.35162,-1.51753],[29.26812,-1.62161],[29.1966,-1.71995],[29.14327,-1.81606],[29.12936,-1.86025],[29.14802,-2.13186],[29.13153,-2.19516],[29.10647,-2.23325],[28.98958,-2.31278],[28.87641,-2.40032],[28.85765,-2.44667],[28.89145,-2.55555],[28.89398,-2.63508],[28.92178,-2.68206],[29.01438,-2.7202]]}},{"type":"Feature","properties":{},"geometry":{"type":"LineString","coordinates":[[35.26832,5.4923],[35.25245,5.51103],[35.1645,5.58121],[35.08192,5.67314],[35.0319,5.77489],[34.98358,5.85832],[34.95903,6.04506],[34.89785,6.15981],[34.83806,6.30013],[34.74923,6.56787],[34.71068,6.66032],[34.56278,6.77984],[34.48433,6.89839],[34.27928,7.00283],[34.06421,7.22573],[34.0302,7.29697],[34.02038,7.36797],[33.97796,7.43459],[33.90246,7.50954],[33.66609,7.67098],[33.60098,7.69041],[33.51633,7.70777],[33.39226,7.72371],[33.22601,7.76066],[33.08075,7.82371],[33.01466,7.86856],[32.9989,7.89952],[33.01259,7.9515],[33.0652,8.04049],[33.23428,8.39639],[33.2811,8.43726],[33.40936,8.44773],[33.54532,8.44341],[33.6448,8.43259],[33.78505,8.43111],[33.95331,8.44349],[34.01976,8.49209],[34.07278,8.54527],[34.09459,8.58224],[34.10172,8.67634],[34.07808,9.46074]]}},{"type":"Feature","properties":{},"geometry":{"type":"LineString","coordinates":[[107.51941,14.7051],[107.46515,14.665],[107.41472,14.56288],[107.37983,14.55531],[107.29271,14.59239],[107.26232,14.57211],[107.20661,14.4979],[107.10936,14.41669],[107.06239,14.41579],[107.03019,14.42568],[106.99216,14.39101],[106.93805,14.32732],[106.9132,14.32938],[106.81992,14.31468],[106.78349,14.33512],[106.73822,14.38773],[106.66546,14.44129],[106.56371,14.50506],[106.53115,14.5494],[106.50144,14.57821],[106.44697,14.51503],[106.35499,14.45478],[106.22538,14.47622],[106.19076,14.38811],[106.16523,14.37235],[106.00834,14.35719],[105.97889,14.34303],[106.00416,14.2629],[106.09671,14.1271],[106.12472,14.04912],[106.06684,13.92117],[105.90447,13.92453],[105.8315,13.97661],[105.76407,14.04907],[105.73973,14.08498],[105.53157,14.15614],[105.39267,14.1071],[105.35024,14.10955],[105.28487,14.16146],[105.24565,14.20053],[105.20699,14.25939],[105.18555,14.31907],[105.18333,14.34626]]}},{"type":"Feature","properties":{},"geometry":{"type":"LineString","coordinates":[[114.05963,4.59636],[114.09513,4.56525],[114.16882,4.52693],[114.22412,4.47787],[114.26102,4.41425],[114.28763,4.35475],[114.28959,4.30418],[114.32298,4.26282],[114.41656,4.25584],[114.4471,4.20357],[114.51221,4.11355],[114.57175,4.04906],[114.60833,4.02399],[114.65407,4.03766],[114.72502,4.09655],[114.77618,4.16882],[114.81044,4.26651],[114.78352,4.28075],[114.83111,4.35451],[114.84026,4.39322],[114.79013,4.46391],[114.7599,4.66649],[114.74672,4.71808],[114.78424,4.75483],[114.86454,4.80177],[114.94475,4.85624],[115.02681,4.89973]]}},{"type":"Feature","properties":{},"geometry":{"type":"LineString","coordinates":[[52.49388,41.78037],[52.69692,41.94437],[52.8705,42.06059],[53.01256,42.13071],[53.05591,42.14774],[53.25011,42.20585],[53.68538,42.29685],[53.9264,42.32977],[54.00516,42.33589],[54.12097,42.33519],[54.21491,42.30419],[54.27191,42.28],[54.67799,42.07821],[54.85384,41.96519],[54.90366,41.91907],[54.93167,41.86401],[54.95234,41.81001],[55.10189,41.6387],[55.24958,41.45809],[55.31976,41.4084],[55.38838,41.34691],[55.43437,41.29629],[55.48703,41.27226],[55.54522,41.26275],[55.6786,41.27882],[55.8391,41.31081],[55.93491,41.32414],[55.97744,41.32223]]}},{"type":"Feature","properties":{},"geometry":{"type":"LineString","coordinates":[[55.97744,41.32223],[56.77362,41.288],[56.96586,41.26513],[57.01795,41.26348],[57.06425,41.3073],[57.11882,41.35029],[57.11386,41.37179],[57.07665,41.38998],[57.0182,41.45057],[56.98487,41.66934],[56.9641,41.85657],[57.03366,41.91486],[57.1136,41.95713],[57.22879,42.08446],[57.29064,42.12379],[57.38175,42.15632],[57.68612,42.16482],[57.81428,42.18983],[57.85598,42.23104],[57.92342,42.33522],[57.94575,42.42],[57.98347,42.4588],[58.02894,42.48764],[58.0755,42.48653],[58.2341,42.44772],[58.28288,42.42886],[58.32722,42.39891],[58.37047,42.3468],[58.37714,42.31243],[58.39709,42.29246],[58.45703,42.29181],[58.47439,42.29938],[58.48582,42.31685],[58.47698,42.34015],[58.41817,42.40669],[58.28867,42.52728],[58.16201,42.60298],[58.15152,42.6281],[58.20645,42.66628],[58.25968,42.68807],[58.35316,42.67174],[58.47719,42.66285],[58.53232,42.68194],[58.58906,42.77847],[58.72999,42.67616],[58.87695,42.56149],[58.9309,42.54027],[59.03586,42.52813],[59.12314,42.52376],[59.15962,42.51144],[59.19911,42.4817],[59.27662,42.35617],[59.35429,42.32328],[59.45108,42.29954],[59.76259,42.30158],[59.85829,42.29514],[59.93653,42.23605],[59.98521,42.21171],[60.00603,42.19084],[60.00081,42.16477],[59.98169,42.13172],[59.97415,42.01878],[59.94929,41.99542],[59.94175,41.97351],[59.96257,41.95439],[60.10691,41.90744],[60.15558,41.85703],[60.19207,41.83442],[60.20075,41.80313],[60.17641,41.78228],[60.10861,41.79269],[60.07559,41.75967],[60.07559,41.70056],[60.12406,41.64495],[60.13801,41.59415],[60.06872,41.47623],[60.06742,41.42737],[60.08959,41.39944],[60.45495,41.22162],[60.51355,41.21617],[60.75488,41.24575],[60.86717,41.2487],[60.93316,41.22898],[61.11997,41.2109],[61.17935,41.19056],[61.24244,41.18922],[61.3289,41.19511],[61.3875,41.25216],[61.44367,41.27459],[61.49695,41.27609],[61.64454,41.23986],[61.79988,41.16343],[61.90282,41.09369],[61.95356,41.0306],[62.01759,40.89378],[62.095,40.68331],[62.18848,40.54119],[62.29804,40.4675],[62.37504,40.33206],[62.44159,40.03621],[62.48319,39.97562],[62.65068,39.8585],[63.05809,39.63314],[63.50603,39.37708],[63.72079,39.18813],[63.76368,39.16053],[63.95251,39.05837],[64.16278,38.95359],[64.30996,38.97731],[64.53165,38.81624],[64.62188,38.75647],[64.66001,38.73603],[64.82067,38.67247],[65.07668,38.53943],[65.39955,38.34885],[65.61293,38.2386],[65.67096,38.22573],[65.72853,38.22635],[65.79028,38.25007],[65.8571,38.26872],[65.9712,38.24426],[66.09481,38.20015],[66.17315,38.16669],[66.26369,38.11809],[66.33531,38.07215],[66.38978,38.05091],[66.57452,38.01078],[66.60625,37.98673],[66.62635,37.95985],[66.62935,37.93205],[66.52558,37.78576],[66.51137,37.59918],[66.51065,37.4587],[66.52228,37.3485]]}},{"type":"Feature","properties":{},"geometry":{"type":"LineString","coordinates":[[49.23227,46.33717],[49.18426,46.34885],[48.95896,46.44213],[48.61014,46.56646],[48.54115,46.60563],[48.50922,46.64997],[48.50239,46.69865],[48.51852,46.73431],[48.55836,46.75715],[48.60533,46.76593],[48.64709,46.7587],[48.6936,46.73684],[48.77638,46.71033],[48.88361,46.70542],[48.95033,46.72578],[48.95932,46.77459],[48.83188,46.95494],[48.71432,47.10048],[48.60068,47.26231],[48.55252,47.32099],[48.27569,47.58996],[48.16701,47.70877],[48.10996,47.74541],[47.48194,47.8039],[47.38727,47.76866],[47.29234,47.74094],[47.20206,47.79246],[47.1308,47.87677],[47.09328,47.94772],[47.11157,48.02012],[47.11902,48.12699],[47.0646,48.23246],[47.00435,48.28447],[46.85314,48.32359],[46.6609,48.41224],[46.60923,48.57388],[46.70261,48.80555],[46.85299,48.96962],[46.96223,49.03835],[47.01427,49.09835],[47.03137,49.15028],[47.01814,49.19992],[46.95344,49.2526],[46.85299,49.30386],[46.80208,49.36706],[46.82312,49.50225],[46.88957,49.69697],[46.99194,49.85272],[47.12961,49.93905],[47.24836,50.00088],[47.29523,50.0585],[47.29472,50.2175],[47.32644,50.27352],[47.42918,50.35796],[47.50359,50.40271],[47.59966,50.41356],[47.70575,50.37796],[47.84967,50.28231],[48.06072,50.09358],[48.18138,49.97003],[48.22479,49.93194],[48.33496,49.85825],[48.43428,49.82854],[48.59996,49.87468],[48.75902,49.92832],[48.81028,49.96238],[48.84325,50.01312],[48.81793,50.09984],[48.74946,50.22846],[48.70052,50.35377],[48.666,50.55035],[48.62513,50.61267],[48.65515,50.61986],[48.73473,50.60689],[48.80842,50.6013],[48.91374,50.64456],[49.05869,50.72608],[49.32343,50.85173],[49.3795,50.93467],[49.42461,51.02701],[49.49799,51.0836],[49.6663,51.10231],[49.82221,51.13189],[49.93233,51.19716],[50.10488,51.2546],[50.24689,51.28951],[50.30931,51.32157],[50.3537,51.36973],[50.51633,51.50562],[50.64392,51.58918],[50.75616,51.67514],[50.79393,51.72919],[50.88246,51.71917],[51.16342,51.64744],[51.26993,51.59447],[51.29075,51.54019],[51.30109,51.49743],[51.34455,51.47536],[51.39596,51.47128],[51.47348,51.48203],[51.60908,51.48399],[51.77542,51.55427],[52.00714,51.67271],[52.21917,51.70935],[52.331,51.68129],[52.42308,51.59422],[52.49621,51.51215],[52.57119,51.48164],[52.63511,51.47955],[52.72813,51.49815],[52.82048,51.49458],[52.90264,51.46694],[53.03834,51.46373],[53.22738,51.48497],[53.24727,51.4936],[53.33812,51.48236],[53.44866,51.44451],[53.53464,51.39958],[53.68812,51.25181],[53.77649,51.21372],[53.95684,51.16117],[54.04149,51.11517],[54.13978,51.04076],[54.19114,50.99572],[54.29791,50.91405],[54.42152,50.78031],[54.44332,50.67391],[54.47144,50.58381],[54.51743,50.54115],[54.55525,50.53578],[54.59618,50.55066],[54.63618,50.59162],[54.64998,50.66016],[54.63794,50.78106],[54.60626,50.87989],[54.56559,50.91126],[54.54606,50.94604],[54.57293,50.99022],[54.64166,51.01156],[54.72713,50.99808],[54.868,50.94136],[55.01481,50.86976],[55.19522,50.74471],[55.3611,50.66531],[55.54227,50.6018],[55.68624,50.58286],[55.79766,50.60203],[55.92923,50.65376],[56.04969,50.71355],[56.10451,50.77628],[56.14399,50.84465],[56.49147,51.01952],[56.56691,51.00451],[56.62024,50.98087],[56.84964,51.04554],[57.01175,51.0652],[57.17902,51.03606],[57.3125,50.94655],[57.44221,50.88888],[57.55786,50.89555],[57.65377,50.92513],[57.71703,50.98095],[57.76488,51.04688],[57.83883,51.09166],[58.04517,51.06887],[58.17472,51.07226],[58.18842,51.08174],[58.35916,51.06383],[58.54747,50.97105],[58.81401,50.73721],[58.88367,50.69445],[59.17084,50.64792],[59.45232,50.62042],[59.49511,50.6043],[59.52394,50.5828],[59.4978,50.51108],[59.52301,50.49286],[59.75122,50.54394],[59.8124,50.58203],[59.8878,50.69019],[59.95518,50.79928],[60.00526,50.83969],[60.05859,50.85028],[60.11212,50.83416],[60.18675,50.76977],[60.28803,50.70414],[60.42477,50.67913],[60.50848,50.66918],[60.63798,50.66373],[60.94231,50.69551],[61.22689,50.77478],[61.38941,50.86103],[61.46501,50.99022],[61.51219,51.13703],[61.58506,51.22969],[61.55472,51.32459],[61.36311,51.44187],[61.01481,51.49236],[60.99331,51.52869],[60.97357,51.53706],[60.46476,51.65116],[60.41831,51.70392],[60.38751,51.77302],[60.28038,51.83461],[60.06748,51.89063],[60.03032,51.93326],[60.06551,51.97647],[60.23367,52.0245],[60.42549,52.1256],[60.49934,52.14633],[60.67033,52.15082],[60.82841,52.23338],[60.9376,52.28058],[60.99455,52.33686],[60.97946,52.39479],[60.82123,52.56981],[60.77436,52.6758],[60.80231,52.74474],[60.94474,52.86016],[61.00654,52.93336],[61.04747,52.97248],[61.20694,52.98907],[61.40073,52.99599],[61.53364,52.97852],[61.71936,52.9694],[61.88855,52.95589],[61.97418,52.94375],[62.03712,52.96612],[62.0827,53.00542],[62.0811,53.05743],[62.0147,53.10787],[61.76618,53.17391],[61.65983,53.22848],[61.57622,53.22244],[61.4368,53.23939],[61.31097,53.2752],[61.19919,53.28714],[61.16281,53.33674],[61.18596,53.4062],[61.22896,53.44589],[61.31164,53.46573],[61.40093,53.45581],[61.4985,53.48464],[61.52656,53.50157],[61.53493,53.5233],[61.51917,53.55448],[61.47411,53.58027],[61.40993,53.58704],[61.33613,53.56518],[61.24797,53.551],[61.09852,53.58311],[60.97946,53.62174],[60.98556,53.6574],[61.07351,53.71047],[61.1132,53.75346],[61.1132,53.88245],[61.14369,53.96384],[61.23102,54.01949],[61.3337,54.04926],[61.59813,53.99495],[61.92865,53.94647],[61.98565,53.95441],[62.00235,53.97991],[62.04028,54.00265],[62.49901,54.01316],[62.58825,54.04445],[62.63269,54.06931],[63.07396,54.10522],[63.12662,54.13928],[63.19132,54.17106],[63.29271,54.17044],[63.41363,54.1832],[63.58199,54.22191],[63.70131,54.24323],[63.84709,54.23648],[64.00388,54.2671],[64.03741,54.27974],[64.06294,54.30291],[64.19942,54.34743],[64.46121,54.38417],[64.52509,54.36216],[64.64994,54.35224],[64.80931,54.36857],[64.92671,54.39663],[64.99544,54.36877],[65.08836,54.34017],[65.15776,54.36441],[65.19223,54.44112],[65.23739,54.51605],[65.31594,54.55155],[65.37816,54.56447],[65.43444,54.59331],[65.47691,54.62328],[65.70775,54.61868],[65.9142,54.6933],[65.95471,54.65951],[66.22266,54.66736],[67.09836,54.78818],[67.25732,54.8288],[67.69342,54.87241],[67.8299,54.94357],[68.07386,54.95959],[68.15582,54.9767],[68.20941,55.00305],[68.24403,55.05243],[68.22532,55.11524],[68.2062,55.16092],[68.30196,55.1865],[68.43844,55.19441],[68.52479,55.20485],[68.71294,55.30851],[68.84296,55.35835],[68.97722,55.38962],[69.49326,55.35688],[69.74027,55.30737],[69.87019,55.24565],[69.9817,55.19906],[70.18247,55.16247],[70.29331,55.18358],[70.37145,55.21224],[70.41718,55.25317],[70.48627,55.28236],[70.73814,55.30515],[70.79034,55.26112],[70.91017,55.12798],[70.99177,54.9505],[71.12628,54.71506],[71.18556,54.59933],[71.1592,54.53864],[71.15982,54.45544],[71.15212,54.36407],[71.05275,54.26049],[71.09316,54.21222],[71.33645,54.15835],[71.67715,54.17804],[71.88737,54.2215],[72.00447,54.20568],[72.06561,54.23163],[72.1054,54.30847],[72.18601,54.32562],[72.26916,54.27211],[72.32947,54.18145],[72.38729,54.12303],[72.38306,54.05365],[72.40429,53.96446],[72.44677,53.94182],[72.58599,53.99593],[72.59917,54.02306],[72.5756,54.05649],[72.56428,54.09045],[72.58268,54.12161],[72.62232,54.13434],[72.91403,54.10734],[73.11929,53.98074],[73.22993,53.95782],[73.27659,53.95562],[73.38072,53.96286],[73.50562,53.99934],[73.58996,54.04497],[73.61797,54.0674],[73.66644,54.06347],[73.71243,54.04239],[73.71553,53.99621],[73.67894,53.92945],[73.5542,53.86829],[73.39938,53.8115],[73.30569,53.70721],[73.28569,53.59841],[73.32687,53.54317],[73.36186,53.50619],[73.37183,53.45439],[73.40692,53.44754],[73.46997,53.46891],[73.64293,53.57626],[73.73114,53.60277],[73.85893,53.61972],[74.06864,53.6114],[74.20997,53.57647],[74.27731,53.52774],[74.35151,53.48764],[74.40278,53.50443],[74.42929,53.55074],[74.43042,53.60371],[74.45192,53.64724],[74.83412,53.82571],[74.88683,53.83403],[74.98894,53.81925],[75.05219,53.82669],[75.22019,53.89382],[75.37703,53.97014],[75.39233,54.02174],[75.39812,54.06848],[75.43718,54.08967],[75.65681,54.106],[75.69288,54.11479],[75.88062,54.16796],[76.14055,54.25855],[76.26659,54.31198],[76.4965,54.3357],[76.61551,54.38712],[76.75938,54.43688],[76.83731,54.44236],[76.78899,54.32188],[76.70305,54.18246],[76.65458,54.14527],[76.42172,54.15153],[76.42203,54.11352],[76.48477,54.02254],[76.51309,53.99322],[76.57572,53.94252],[77.13243,53.67014],[77.70438,53.37917],[77.79937,53.31742],[77.85998,53.26918],[78.19805,52.92969],[78.4755,52.63844],[79.14874,51.8681],[79.46882,51.49311],[79.71646,51.16003],[79.98621,50.77458],[80.06595,50.75822],[80.07204,50.80729],[80.08636,50.84],[80.12723,50.85837],[80.22025,50.91178],[80.27038,50.92459],[80.3452,50.91911],[80.4236,50.94627],[80.45228,50.99761],[80.42153,51.13636],[80.44809,51.18336],[80.49104,51.20173],[80.55067,51.21659],[80.6055,51.22421],[80.65046,51.27736],[80.73526,51.29341],[80.81313,51.28349],[80.87732,51.28144],[80.93406,51.24276],[80.96558,51.1898],[81.02677,51.18571],[81.12728,51.19106],[81.14097,51.14657],[81.11239,51.07239],[81.07751,51.01492],[81.07147,50.96875],[81.12459,50.94627],[81.3191,50.9664],[81.38824,50.95648],[81.41015,50.90976],[81.43775,50.87106],[81.4516,50.82367],[81.43139,50.77114],[81.46591,50.73985],[81.63391,50.73913],[81.75204,50.7644],[81.93369,50.76636],[82.09807,50.71086],[82.21191,50.71944],[82.32638,50.74192],[82.49396,50.7276],[82.61173,50.77147],[82.69302,50.82633],[82.7185,50.86951],[82.76082,50.89335],[83.0192,50.89726],[83.09279,50.96061],[83.16023,50.98921],[83.35732,50.99456],[83.58139,50.93575],[83.71776,50.88718],[83.94509,50.77465],[84.0024,50.67688],[84.09929,50.60472],[84.17593,50.52053],[84.19448,50.43744],[84.25783,50.28822],[84.32326,50.23916],[84.40093,50.23916],[84.60732,50.20239],[84.83899,50.09131],[84.92405,50.08798],[84.98947,50.06141],[84.9997,50.01028],[84.97521,49.95106],[85.00079,49.89416],[85.07649,49.82161],[85.21013,49.66485],[85.23261,49.61581],[85.29188,49.59945],[85.37162,49.62395],[85.9336,49.55044],[85.97442,49.49933],[86.09297,49.50548],[86.18087,49.49933],[86.29244,49.58752],[86.41796,49.63847],[86.61015,49.76913],[86.67552,49.7773],[86.72869,49.74869],[86.73071,49.69555],[86.66534,49.65671],[86.61423,49.60971],[86.62648,49.56269],[86.71438,49.5586],[86.8121,49.48791],[86.95297,49.32205],[87.00092,49.28733],[87.07058,49.25459],[87.14805,49.23981],[87.23367,49.21614],[87.29687,49.14765],[87.32281,49.08579]]}},{"type":"Feature","properties":{},"geometry":{"type":"LineString","coordinates":[[34.19815,31.32261],[34.32853,30.99501],[34.40103,30.82781],[34.48992,30.5963],[34.51782,30.50736],[34.52965,30.44605],[34.65859,30.19144],[34.73507,29.98205],[34.86984,29.56393],[34.90426,29.47732]]}},{"type":"Feature","properties":{},"geometry":{"type":"LineString","coordinates":[[33.9761,4.22021],[34.38021,4.62067]]}},{"type":"Feature","properties":{},"geometry":{"type":"LineString","coordinates":[[41.88404,3.97774],[41.73774,3.97903],[41.48194,3.96327],[41.37249,3.94617],[41.31896,3.94309],[41.22093,3.94356],[41.14047,3.96296],[41.08724,3.99195],[41.02083,4.05745],[40.87268,4.19034],[40.76524,4.27302],[40.52872,4.17765],[40.01413,3.94798],[39.8422,3.85144],[39.79037,3.75424],[39.65751,3.57782],[39.53886,3.46919],[39.49447,3.45609],[39.22549,3.47878],[39.12829,3.5009],[38.96783,3.52059],[38.75276,3.55901],[38.60806,3.60009],[38.2253,3.619],[38.08618,3.64882],[37.94495,3.74675],[37.3825,4.11083],[36.90558,4.41146],[36.82362,4.43012],[36.08196,4.44973],[36.02197,4.46813],[35.97871,4.50383],[35.91985,4.61985]]}},{"type":"Feature","properties":{},"geometry":{"type":"LineString","coordinates":[[25.2588,-17.79359],[25.45171,-17.84516],[25.55713,-17.8495],[25.6396,-17.82408],[25.74161,-17.85824],[25.86326,-17.95193],[25.99586,-17.96981],[26.13952,-17.91172],[26.33341,-17.92934],[26.57753,-18.02257],[26.7799,-18.04153],[27.02081,-17.95844],[27.43784,-17.51195],[27.63674,-17.26215],[27.75653,-17.06041],[27.93218,-16.89623],[28.16379,-16.76973],[28.39985,-16.66281],[28.76055,-16.53212],[28.83269,-16.42411],[28.85677,-16.30619],[28.85677,-16.14232],[28.87558,-16.03618],[28.9131,-15.98781],[29.05056,-15.9012],[29.28786,-15.7765],[29.48728,-15.69677],[29.72959,-15.64463],[30.39606,-15.64308]]}},{"type":"Feature","properties":{},"geometry":{"type":"LineString","coordinates":[[24.0,-17.52704],[24.27493,-17.481],[24.73289,-17.51774],[24.93241,-17.54348],[25.00176,-17.56859],[25.09214,-17.63432],[25.2588,-17.79359]]}},{"type":"Feature","properties":{},"geometry":{"type":"LineString","coordinates":[[31.28784,-22.40204],[31.42953,-22.29885],[32.37108,-21.33487],[32.41242,-21.31183],[32.42978,-21.29705],[32.35361,-21.13649],[32.47619,-20.95009],[32.4828,-20.82886],[32.47764,-20.713],[32.49241,-20.65977],[32.52931,-20.61306],[32.67256,-20.51611],[32.78087,-20.36155],[32.86965,-20.21722],[32.99275,-19.98488],[33.00494,-19.9302],[33.00675,-19.87383],[32.9727,-19.79538],[32.89048,-19.6681],[32.83079,-19.55819],[32.77767,-19.38874],[32.83095,-19.24146],[32.84996,-19.15247],[32.84981,-19.10436],[32.82619,-19.05884],[32.76625,-19.02432],[32.71648,-19.00189],[32.69974,-18.94091],[32.69922,-18.86846],[32.72196,-18.82841],[32.85446,-18.76366],[32.88454,-18.72852],[32.9003,-18.68904],[32.90169,-18.63292],[32.94252,-18.49267],[32.99306,-18.3596],[32.99642,-18.31258],[32.97848,-18.27144],[32.96469,-18.19625],[32.95554,-18.08288],[32.95471,-17.76538],[32.98076,-17.43754],[32.96929,-17.25161],[32.88443,-17.03782],[32.87627,-16.88357],[32.93792,-16.77593],[32.94799,-16.71231],[32.90288,-16.7042],[32.81023,-16.69764],[32.74175,-16.67764],[32.63587,-16.58943],[32.452,-16.51574],[32.24323,-16.44871],[31.93989,-16.42882],[31.68761,-16.21415],[31.48989,-16.17974],[31.42623,-16.15235],[31.23626,-16.02367],[30.43776,-15.99535],[30.40939,-15.9782],[30.39812,-15.80074],[30.39606,-15.64308]]}},{"type":"Feature","properties":{},"geometry":{"type":"LineString","coordinates":[[33.9761,4.22021],[33.56842,3.81171],[33.53953,3.78711],[33.48936,3.75507],[33.3243,3.75434],[33.15408,3.77471],[32.99724,3.8802],[32.83803,3.79848],[32.73715,3.77269],[32.53479,3.74995],[32.33573,3.70618],[32.2455,3.6513],[32.19672,3.60779],[32.15626,3.528],[32.1359,3.51973],[32.09947,3.52919],[32.0482,3.56118],[31.94185,3.60756],[31.88827,3.7091],[31.83871,3.77047],[31.79809,3.80261],[31.6289,3.70148],[31.54715,3.67758],[31.47997,3.68045],[31.35739,3.73758],[31.22195,3.78594],[31.15234,3.78561],[31.04801,3.72499],[30.92941,3.63407],[30.86812,3.54413],[30.83856,3.49072]]}},{"type":"Feature","properties":{},"geometry":{"type":"LineString","coordinates":[[31.94826,-25.95759],[31.92826,-25.8854],[31.92025,-25.77393],[31.98454,-25.63198],[31.97937,-25.35943],[31.98702,-25.26347],[31.98583,-24.46068],[31.96666,-24.37644],[31.90795,-24.23619],[31.85829,-24.04024],[31.79964,-23.89224],[31.72399,-23.79457],[31.69996,-23.7431],[31.67557,-23.67427],[31.6041,-23.55293],[31.5456,-23.48234],[31.52963,-23.4258],[31.53175,-23.27946],[31.4193,-22.82512],[31.30024,-22.47858],[31.29316,-22.4547],[31.28784,-22.40204]]}},{"type":"Feature","properties":{},"geometry":{"type":"LineString","coordinates":[[33.20173,-14.01336],[32.27289,-14.323],[32.19993,-14.34078],[32.05451,-14.38651],[31.98211,-14.41442],[31.7289,-14.49607],[31.62306,-14.53668],[31.53795,-14.57715],[31.1309,-14.69466],[30.67335,-14.8191],[30.5377,-14.86653],[30.44608,-14.90751],[30.23188,-14.99035],[30.22175,-15.0105],[30.22496,-15.06694],[30.25214,-15.18321],[30.30568,-15.28883],[30.35058,-15.34971],[30.37983,-15.50587],[30.39606,-15.64308]]}},{"type":"Feature","properties":{},"geometry":{"type":"LineString","coordinates":[[34.9595,-11.5781],[34.82654,-11.57568],[34.65952,-11.58865],[34.61859,-11.62022],[34.60629,-11.69009],[34.55394,-11.83411],[34.52475,-11.88697],[34.37597,-12.12024],[34.35783,-12.16474],[34.36083,-12.21057],[34.46583,-12.5907],[34.48289,-12.66677],[34.52128,-12.92577],[34.54257,-13.10871],[34.54567,-13.2163],[34.56366,-13.36017],[34.61151,-13.43789],[34.66158,-13.48667],[34.85051,-13.51602],[34.90684,-13.55168],[35.01381,-13.64346],[35.24749,-13.89688],[35.48851,-14.20105],[35.8472,-14.67094],[35.86668,-14.86374],[35.89272,-14.8918],[35.83991,-15.03469],[35.80539,-15.26563],[35.8303,-15.4189],[35.81996,-15.68033],[35.79123,-15.95866],[35.75532,-16.0583],[35.70886,-16.09581],[35.59931,-16.12589],[35.35849,-16.16051],[35.32242,-16.19317],[35.29147,-16.24717],[35.24279,-16.37538],[35.18527,-16.50488],[35.16719,-16.56023],[35.22982,-16.63924],[35.28119,-16.80781],[35.29038,-17.09694],[35.27256,-17.11844],[35.2014,-17.1311],[35.12455,-17.12727],[35.09303,-17.11094],[35.06461,-17.0786],[35.04399,-17.01689],[35.09422,-16.97385],[35.11215,-16.8985],[35.07985,-16.83391],[35.01531,-16.81954],[34.93335,-16.76037],[34.75884,-16.5671],[34.6127,-16.4315],[34.5281,-16.31916],[34.44134,-16.27446],[34.41643,-16.24681],[34.39555,-16.19927],[34.39514,-16.1309],[34.40305,-16.08031],[34.37597,-16.02372],[34.28833,-15.93608],[34.24823,-15.88751],[34.24611,-15.82942],[34.28306,-15.77346],[34.35804,-15.70524],[34.41478,-15.56675],[34.43493,-15.47719],[34.54087,-15.29731],[34.55549,-15.14094],[34.55761,-15.01593],[34.5512,-14.9224],[34.50532,-14.59813],[34.37499,-14.42486],[34.33251,-14.40858],[34.20874,-14.42377],[34.10183,-14.4493],[34.04943,-14.48527],[33.96984,-14.48713],[33.69606,-14.53033],[33.65829,-14.56164],[33.63643,-14.56821],[33.50527,-14.43411],[33.38993,-14.28946],[33.24358,-14.04307],[33.20173,-14.01336]]}},{"type":"Feature","properties":{},"geometry":{"type":"LineString","coordinates":[[29.57693,-1.38787],[29.57998,-1.35676],[29.56401,-1.12143],[29.56195,-0.97736],[29.59006,-0.88713],[29.60639,-0.7831],[29.60825,-0.69128],[29.64783,-0.53521],[29.63316,-0.44168],[29.68432,-0.11358],[29.69781,-0.0602],[29.7177,0.09834],[29.74969,0.14723],[29.77785,0.16635],[29.81465,0.2636],[29.88544,0.41894],[29.93448,0.49904],[29.92379,0.67391],[29.93169,0.79287],[29.94291,0.81923],[30.04734,0.86351],[30.18289,0.97348],[30.24015,1.10278],[30.32107,1.1853],[30.47817,1.23905],[30.94254,1.68279],[31.1588,1.922],[31.2527,2.04458],[31.25611,2.0885],[31.27399,2.14628],[31.23637,2.19134],[31.19136,2.23227],[31.17632,2.27007],[31.13756,2.28888],[31.08217,2.2881],[31.04537,2.31554],[31.00362,2.36936],[30.96197,2.40329],[30.83009,2.40042],[30.7286,2.45538],[30.72994,2.53026],[30.76952,2.67798],[30.84662,2.84701],[30.85076,2.89367],[30.83996,2.93352],[30.82141,2.96757],[30.78647,3.00134],[30.75397,3.0418],[30.77924,3.16337],[30.82781,3.28259],[30.90647,3.40894],[30.8953,3.46366],[30.83856,3.49072]]}},{"type":"Feature","properties":{},"geometry":{"type":"LineString","coordinates":[[36.52431,14.25686],[36.42675,15.1321],[36.52178,15.25015],[36.56596,15.36209],[36.67919,15.72638],[36.72451,15.79888],[36.81349,15.99396],[36.8259,16.05029],[36.91375,16.29619],[36.90548,16.45954],[36.88781,16.62464],[36.97865,16.80058],[36.97576,16.86654],[36.99519,17.02054],[37.00904,17.05888],[37.06149,17.06126],[37.16949,17.04141],[37.24887,17.05687],[37.41103,17.0617],[37.45294,17.10867],[37.5102,17.28814],[37.5474,17.32411],[37.65675,17.36824],[37.78238,17.458],[37.80331,17.46552],[37.86299,17.47025],[37.92252,17.49232],[37.95007,17.51766],[38.02531,17.53777],[38.09889,17.52648],[38.18158,17.56286],[38.21904,17.56397],[38.25351,17.58474],[38.26726,17.6167],[38.34735,17.68357],[38.37371,17.71734],[38.39717,17.77837],[38.42249,17.8239],[38.5228,17.93854],[38.60946,18.00508]]}},{"type":"Feature","properties":{},"geometry":{"type":"LineString","coordinates":[[42.37848,12.46642],[42.28996,12.57024],[42.22505,12.66197],[42.13431,12.77142],[42.04656,12.82061],[41.9521,12.88234],[41.76503,13.18392],[41.62498,13.31324],[41.36288,13.4998],[41.12233,13.73614],[40.93857,13.9831],[40.82018,14.11167],[40.76958,14.14449],[40.52438,14.22518],[40.22145,14.43116],[40.14063,14.45607],[40.06208,14.45912],[39.89506,14.44067],[39.75616,14.49904],[39.69792,14.49901],[39.6049,14.51607],[39.53188,14.53671],[39.27014,14.47031],[39.198,14.47937],[39.15862,14.53751],[39.13542,14.5819],[39.07424,14.6282],[39.0238,14.6282],[38.99569,14.58686],[38.81203,14.48232],[38.5044,14.42439],[38.43143,14.4286],[38.37691,14.47041],[38.22147,14.64965],[38.17708,14.67879],[38.14204,14.68148],[38.06996,14.70272],[38.00257,14.73711],[37.94345,14.81054],[37.88423,14.8523],[37.57117,14.14906],[37.54678,14.14387],[37.50725,14.1564],[37.35372,14.37248],[37.25724,14.45374],[37.1852,14.44599],[37.13265,14.40607],[37.09947,14.33396],[37.06351,14.28926],[37.02454,14.272],[36.94072,14.28058],[36.81194,14.31502],[36.67914,14.30758],[36.5424,14.25823],[36.52431,14.25686]]}},{"type":"Feature","properties":{},"geometry":{"type":"LineString","coordinates":[[27.35195,57.52812],[27.3718,57.61256],[27.40001,57.66682],[27.492,57.72495],[27.51473,57.76423],[27.54212,57.79942],[27.75286,57.84102],[27.77694,57.85673],[27.77849,57.87068],[27.76878,57.88414],[27.72196,57.90548],[27.67338,57.9346],[27.64408,58.01393],[27.57111,58.13811],[27.50244,58.22136],[27.48781,58.27009],[27.50554,58.32626],[27.53013,58.38148],[27.53137,58.43524],[27.42704,58.73306],[27.43417,58.78726],[27.4644,58.84132],[27.51308,58.88628],[27.62176,58.94496],[27.75767,59.052],[27.84949,59.19267],[27.89766,59.27762],[27.93817,59.297],[28.01646,59.30173],[28.06137,59.34325],[28.12829,59.35757],[28.15108,59.37444],[28.13299,59.40309],[28.06581,59.45317],[28.01253,59.48428]]}},{"type":"Feature","properties":{},"geometry":{"type":"LineString","coordinates":[[74.30552,32.81043],[74.35456,32.7687],[74.48334,32.771],[74.58824,32.75325],[74.63238,32.77089],[74.66323,32.75766],[74.64338,32.60773],[74.6578,32.51892],[74.68576,32.49381],[74.7889,32.45781],[74.98734,32.4622],[75.23368,32.37213],[75.30365,32.31758]]}},{"type":"Feature","properties":{},"geometry":{"type":"LineString","coordinates":[[48.44245,28.54291],[47.67133,28.53317],[47.58307,28.62797],[47.52127,28.83783],[47.43321,28.98955],[46.53145,29.09626]]}},{"type":"Feature","properties":{},"geometry":{"type":"LineString","coordinates":[[44.76515,37.14244],[44.79843,37.06389],[44.88086,36.79933],[44.92783,36.76592],[44.98147,36.73771],[45.01925,36.69838],[45.03398,36.6589],[45.02943,36.59756],[45.03108,36.52609],[45.05315,36.47162],[45.08379,36.43002],[45.11237,36.40925],[45.15531,36.40736],[45.20657,36.39716],[45.24115,36.35597],[45.36166,36.01535],[45.40775,36.00279],[45.48377,36.00855],[45.56164,35.97718],[45.645,35.92835],[45.72349,35.83665],[45.77631,35.82182],[45.94141,35.83538],[46.16745,35.82055],[46.27338,35.77322],[46.26248,35.74412],[46.18099,35.71139],[46.03738,35.67317],[45.99505,35.60811],[45.97108,35.52419],[45.97542,35.47683],[46.01066,35.42481],[46.11205,35.32167],[46.11773,35.28425],[46.13577,35.23229],[46.15468,35.19674],[46.13375,35.12765],[46.04177,35.08016],[45.9209,35.02851],[45.67807,34.79844],[45.66009,34.74878],[45.66153,34.61267],[45.63745,34.57381],[45.56087,34.57453],[45.50082,34.58158],[45.49772,34.53386],[45.45938,34.47035],[45.43762,34.41513],[45.52686,34.28468],[45.54278,34.21553],[45.52862,34.15254],[45.44604,34.04402],[45.39705,33.97085],[45.40899,33.95452],[45.47328,33.92547],[45.67373,33.68668],[45.73832,33.60283],[45.82282,33.6248],[45.85449,33.62332],[45.8794,33.60976],[45.8947,33.58157],[45.89475,33.54565],[45.8732,33.49201],[45.981,33.47013],[46.01996,33.41574],[46.14585,33.22965],[46.14109,33.17441],[46.08078,33.08653],[46.08042,33.02822],[46.09303,32.97587],[46.11277,32.95765],[46.29819,32.95024],[46.37705,32.92923],[46.56995,32.83394],[47.12139,32.4666],[47.28521,32.47401],[47.3298,32.45551],[47.3713,32.42376],[47.41812,32.34009],[47.51186,32.15083],[47.59149,32.08796],[47.82998,31.79442],[47.6795,31.40059],[47.6795,31.0024],[48.01064,30.98981],[48.01493,30.46563],[48.06614,30.45768],[48.14753,30.41683],[48.18236,30.35502],[48.22613,30.32135],[48.27894,30.3158],[48.33103,30.28544],[48.38261,30.2302],[48.40142,30.18834],[48.38757,30.15986],[48.39863,30.10961],[48.43459,30.03762],[48.47852,30.0038],[48.54653,29.96236]]}},{"type":"Feature","properties":{},"geometry":{"type":"LineString","coordinates":[[61.26203,35.61958],[61.23888,35.65927],[61.23557,35.70557],[61.25872,35.7618],[61.25211,35.86763],[61.2058,35.9437],[61.15289,35.97677],[61.18265,36.05284],[61.21242,36.09914],[61.21201,36.19053],[61.17511,36.2897],[61.16033,36.43271],[61.16994,36.57224],[61.11966,36.64257],[60.7079,36.64298],[60.34131,36.63766],[60.32069,36.65355],[60.17827,36.82943],[60.06277,36.96291],[59.94862,37.04162],[59.68724,37.13846],[59.56218,37.17889],[59.45496,37.25282],[59.36736,37.33374],[59.34473,37.44474],[59.3269,37.48118],[59.30173,37.51066],[59.27409,37.52376],[59.24081,37.52076],[58.93721,37.64964],[58.81546,37.68349],[58.70084,37.65623],[58.6502,37.65155],[58.55046,37.68816],[58.43569,37.63853],[58.3867,37.63533],[58.31813,37.64721],[58.26164,37.66581],[58.10884,37.78307],[57.98057,37.83046],[57.88818,37.86084],[57.71051,37.90528],[57.52096,37.92849],[57.42381,37.94768],[57.35374,37.97334],[57.3357,37.98993],[57.33147,38.0893],[57.30811,38.13036],[57.2601,38.17958],[57.19354,38.2164],[57.07903,38.20997],[56.90664,38.21302],[56.7746,38.25004],[56.66996,38.25663],[56.54402,38.2496],[56.44067,38.24942],[56.36693,38.22253],[56.32414,38.19111],[56.29696,38.09483],[56.27205,38.08044],[56.2288,38.07339],[56.17118,38.07835],[56.05031,38.07752],[55.84127,38.09463],[55.57845,38.09974],[55.38089,38.05111],[55.22467,37.98133],[55.07553,37.90249],[54.90009,37.77795],[54.84867,37.72263],[54.74522,37.5019],[54.69943,37.47017],[54.63969,37.44474],[54.57892,37.44025],[54.45867,37.40756],[54.29977,37.35359],[54.19166,37.33245],[53.91416,37.34356]]}},{"type":"Feature","properties":{},"geometry":{"type":"LineString","coordinates":[[140.97349,-2.6001],[140.97499,-6.34612],[140.94404,-6.45227],[140.87464,-6.61148],[140.86234,-6.74005],[140.91954,-6.84005],[140.9752,-6.90537],[140.97617,-9.11875]]}},{"type":"Feature","properties":{},"geometry":{"type":"LineString","coordinates":[[24.98026,21.99587],[24.97954,20.00258],[24.96703,19.99547],[24.0,19.99593]]}},{"type":"Feature","properties":{},"geometry":{"type":"LineString","coordinates":[[25.15049,31.65497],[25.11199,31.62691],[25.05726,31.56717],[25.02269,31.51402],[24.92998,31.42749],[24.85267,31.33483],[24.85991,31.19918],[24.87758,31.06126],[24.92947,30.92648],[24.97396,30.77657],[24.9614,30.67854],[24.92301,30.55803],[24.87758,30.45755],[24.72643,30.25061],[24.70323,30.20108],[24.71165,30.13155],[24.80369,29.88606],[24.81082,29.80872],[24.8659,29.57026],[24.91613,29.3763],[24.97174,29.22385],[24.98026,29.18189],[24.98026,21.99587]]}},{"type":"Feature","properties":{},"geometry":{"type":"LineString","coordinates":[[24.98026,21.99587],[31.20913,21.99489],[31.26066,22.00227],[31.35853,22.18862],[31.40029,22.20242],[31.46426,22.19149],[31.48612,22.1478],[31.4345,21.99587],[36.87137,21.99672]]}},{"type":"Feature","properties":{},"geometry":{"type":"LineString","coordinates":[[41.88404,3.97774],[41.34175,3.20167],[40.97877,2.84241],[40.9644,2.81466],[40.97877,-0.87028],[41.52189,-1.57226],[41.5376,-1.61318],[41.53274,-1.69535]]}},{"type":"Feature","properties":{},"geometry":{"type":"LineString","coordinates":[[42.92273,10.9993],[42.90615,10.96026],[42.76311,10.78694],[42.65955,10.62137],[42.65645,10.60003],[42.66926,10.56757],[42.72518,10.49174],[42.78367,10.36963],[42.81644,10.25738],[42.84165,10.20307],[42.91245,10.1408],[43.01472,10.01262],[43.06893,9.92624],[43.18169,9.87997],[43.21843,9.77018],[43.30312,9.60908],[43.39433,9.48025],[43.48255,9.37948],[43.58104,9.34072],[43.62052,9.33741],[43.98381,9.00883],[44.02287,8.98604],[45.55549,8.483],[46.91954,8.02613],[46.97825,7.99708],[47.97819,7.99708]]}},{"type":"Feature","properties":{},"geometry":{"type":"LineString","coordinates":[[30.75113,-8.19361],[28.97222,-8.46496],[28.89811,-8.48542],[28.93449,-8.59028],[28.9178,-8.70061],[28.86954,-8.78587],[28.79352,-8.89098],[28.68128,-9.01469],[28.61648,-9.07226],[28.48429,-9.16941],[28.40068,-9.22476],[28.40016,-9.27504],[28.54051,-9.51007],[28.60423,-9.67879],[28.63012,-9.83129],[28.61715,-10.31296],[28.60738,-10.3974],[28.64552,-10.55021],[28.6389,-10.66927],[28.54423,-10.80239],[28.51798,-10.93318],[28.40419,-11.3544],[28.35727,-11.48297],[28.38336,-11.56674],[28.43178,-11.69836],[28.48253,-11.8121],[28.54155,-11.87917],[28.57462,-11.90811],[28.76944,-12.05131],[28.85005,-12.1205],[28.9734,-12.25786],[29.06436,-12.34886],[29.19122,-12.3702],[29.34372,-12.40477],[29.42754,-12.43128],[29.48557,-12.41841],[29.5049,-12.38617],[29.50226,-12.31759],[29.49203,-12.2669],[29.50815,-12.22819],[29.55973,-12.20241],[29.69197,-12.19832],[29.74964,-12.16401],[29.79516,-12.15549],[29.79646,-13.36967],[29.79532,-13.39272],[29.77516,-13.43809],[29.72266,-13.4538],[29.65176,-13.41432],[29.64763,-13.37298],[29.63026,-13.29857],[29.59719,-13.26053],[29.5542,-13.24896],[29.48144,-13.26798],[29.3818,-13.32286],[29.2537,-13.37081],[29.20187,-13.39835],[29.11164,-13.39515],[29.01423,-13.36885],[28.9423,-13.30715],[28.92173,-13.21459],[28.77316,-12.98189],[28.73006,-12.92546],[28.67296,-12.86133],[28.61539,-12.85405],[28.55085,-12.83617],[28.51126,-12.74222],[28.47437,-12.62336],[28.45147,-12.57747],[28.41287,-12.51805],[28.35768,-12.48198],[27.85745,-12.28488],[27.75689,-12.28085],[27.64429,-12.2668],[27.57385,-12.22701],[27.53344,-12.19533],[27.48704,-12.07973],[27.42368,-11.94454],[27.23806,-11.78352],[27.19641,-11.60503],[27.15915,-11.57924],[27.09538,-11.59376],[27.04608,-11.61593],[26.94955,-11.89886],[26.93089,-11.91938],[26.89048,-11.94351],[26.82408,-11.96521],[26.72972,-11.97596],[26.59639,-11.97203],[26.42974,-11.94785],[26.33966,-11.92992],[26.09642,-11.9032],[26.02594,-11.89018],[25.92651,-11.8553],[25.85489,-11.82011],[25.61883,-11.74419],[25.51186,-11.75339],[25.45998,-11.6998],[25.41336,-11.6735],[25.34939,-11.62301],[25.32066,-11.55351],[25.28262,-11.40499],[25.29182,-11.32551],[25.31931,-11.23688],[25.28877,-11.21244],[25.24598,-11.21244],[25.18485,-11.24298],[24.87686,-11.29915],[24.80637,-11.32117],[24.66829,-11.35295],[24.51853,-11.43853],[24.46655,-11.44767],[24.37792,-11.41713],[24.33514,-11.3713],[24.37792,-11.31931],[24.39627,-11.25518],[24.36573,-11.12986],[24.31989,-11.07178],[24.18719,-11.03002],[24.13649,-11.02594],[24.1151,-10.95566],[24.07841,-10.89148],[24.0,-10.87857]]}},{"type":"Feature","properties":{},"geometry":{"type":"LineString","coordinates":[[24.0,-11.55431],[24.01469,-11.51769],[24.02931,-11.4392],[24.04668,-11.40535],[24.02554,-11.31564],[24.0,-11.10059]]}},{"type":"Feature","properties":{},"geometry":{"type":"LineString","coordinates":[[33.90323,-1.00206],[33.89998,-0.83163],[33.92437,-0.39786],[33.92153,-0.017],[33.94313,0.17379],[34.03723,0.29456],[34.08054,0.38246],[34.11175,0.50514],[34.161,0.60518],[34.27256,0.68642],[34.29262,0.73127],[34.41085,0.86729],[34.48175,1.04216],[34.53524,1.10154],[34.602,1.15647],[34.64913,1.1853],[34.7267,1.21424],[34.78757,1.23073],[34.79863,1.24452],[34.8038,1.27284],[34.78354,1.38113],[34.80953,1.41668],[34.85093,1.48901],[34.89837,1.55649],[34.94126,1.59926],[34.96524,1.64336],[34.97645,1.71964],[34.97821,1.77364],[34.97753,1.8619],[34.96405,2.06241],[34.91397,2.2302],[34.88302,2.41794],[34.90576,2.47969],[34.86622,2.58969],[34.84664,2.59573],[34.8145,2.61981],[34.77341,2.72343],[34.74246,2.81812],[34.72329,2.84195],[34.58913,2.92476],[34.52258,3.11999],[34.44785,3.16348],[34.39943,3.41271],[34.44186,3.60624],[34.43767,3.65058],[34.39287,3.69151],[34.26709,3.73316],[34.16508,3.813],[34.18575,3.86976],[34.132,3.88917],[33.9761,4.22021]]}},{"type":"Feature","properties":{},"geometry":{"type":"LineString","coordinates":[[33.90323,-1.00206],[33.9794,-1.00206],[34.05154,-1.03988],[37.64388,-3.04545],[37.65918,-3.07004],[37.68796,-3.24616],[37.68187,-3.30574],[37.62533,-3.40723],[37.60869,-3.46025],[37.60818,-3.49705],[37.62202,-3.51152],[37.67014,-3.51679],[37.71101,-3.54082],[37.72615,-3.55978],[37.75747,-3.63611],[37.79721,-3.67445],[39.19015,-4.67729],[39.22177,-4.69237]]}},{"type":"Feature","properties":{},"geometry":{"type":"LineString","coordinates":[[25.2588,-17.79359],[25.21596,-17.7876],[24.90911,-17.82139],[24.79221,-17.86459],[24.53052,-18.05275],[24.47487,-18.02851],[24.41218,-17.98944],[24.35896,-17.97823],[24.24393,-18.02345],[24.12931,-18.0775],[24.0,-18.15601]]}},{"type":"Feature","properties":{},"geometry":{"type":"LineString","coordinates":[[42.79933,16.37179],[42.98635,16.50907],[43.03358,16.55039],[43.06071,16.58664],[43.10479,16.66415],[43.16505,16.68942],[43.18639,16.77102],[43.18448,16.81182],[43.14561,16.84678],[43.11647,16.94199],[43.12618,17.06245],[43.15595,17.20505],[43.22137,17.23923],[43.23693,17.26644],[43.18639,17.32473],[43.19094,17.35938],[43.30219,17.45679],[43.34607,17.48601],[43.418,17.51624],[43.47428,17.51593],[43.53923,17.49873],[43.59732,17.47141],[43.71297,17.36553],[43.80428,17.34414],[43.86645,17.34959],[43.91694,17.32473],[43.95967,17.33832],[44.00825,17.36747],[44.08597,17.36553],[44.15594,17.39855],[44.35474,17.41436],[44.54646,17.40436],[44.74676,17.43168],[45.14808,17.42746],[45.19278,17.42341],[45.23665,17.4062],[45.40656,17.31977],[45.53534,17.30207],[46.31033,17.2313],[46.68204,17.26856],[46.72767,17.26559],[46.77852,17.21213],[46.97567,16.95349],[47.14361,16.94667],[47.25126,16.99392],[47.36959,17.06038],[47.44179,17.11188],[47.57956,17.44834],[48.17218,18.15693],[49.042,18.58179],[49.19238,18.62132],[51.97763,18.99615]]}},{"type":"Feature","properties":{},"geometry":{"type":"LineString","coordinates":[[51.97763,18.99615],[52.72916,17.30039],[52.80058,17.26794],[53.08568,16.64839]]}},{"type":"Feature","properties":{},"geometry":{"type":"LineString","coordinates":[[55.18586,22.70409],[55.64103,22.00186],[54.9774,19.99594],[51.97763,18.99615]]}},{"type":"Feature","properties":{},"geometry":{"type":"LineString","coordinates":[[55.18586,22.70409],[55.11941,22.62394],[55.10432,22.62146],[52.55507,22.93281],[51.59254,24.07884],[51.57218,24.12835],[51.56836,24.28619]]}},{"type":"Feature","properties":{},"geometry":{"type":"LineString","coordinates":[[42.359,37.10859],[42.35011,37.06058],[42.08397,36.82602],[41.78854,36.59715],[41.41683,36.51464],[41.3542,36.46439],[41.29601,36.38336],[41.2618,36.27246],[41.25173,36.20301],[41.24558,36.07341],[41.35265,35.80999],[41.35937,35.72459],[41.3541,35.64041],[41.30335,35.55062],[41.24831,35.4275],[41.21638,35.28818],[41.19958,35.02737],[41.19917,34.80532],[41.19467,34.76899],[40.98704,34.42904],[40.93505,34.38658],[40.68949,34.33201],[38.77353,33.3722]]}},{"type":"Feature","properties":{},"geometry":{"type":"LineString","coordinates":[[35.78725,32.73493],[35.89474,32.71379],[35.95644,32.66671],[36.05948,32.53378],[36.21978,32.4951],[36.28428,32.45745],[36.37213,32.38694],[36.4792,32.36131],[36.8184,32.3173],[38.05574,32.99486],[38.77353,33.3722]]}},{"type":"Feature","properties":{},"geometry":{"type":"LineString","coordinates":[[35.61124,32.68206],[35.73444,32.72888],[35.78725,32.73493]]}},{"type":"Feature","properties":{},"geometry":{"type":"LineString","coordinates":[[39.14545,32.1245],[39.29278,32.24382],[39.24745,32.351],[39.14007,32.33121],[39.04137,32.30565],[38.98158,32.47257],[39.05785,32.49318],[38.77353,33.3722]]}},{"type":"Feature","properties":{},"geometry":{"type":"LineString","coordinates":[[34.95082,29.35353],[36.01546,29.19047],[36.06848,29.20054],[36.4761,29.49513],[36.70389,29.83167],[36.75526,29.86603],[37.46922,29.99507],[37.49071,30.01171],[37.63355,30.31329],[37.64993,30.33094],[37.66972,30.34812],[37.98009,30.5],[37.47904,31.00777],[36.95855,31.49151],[38.96236,31.99489],[38.99708,32.00745],[39.14545,32.1245]]}},{"type":"Feature","properties":{},"geometry":{"type":"LineString","coordinates":[[46.53145,29.09626],[46.35648,29.06365],[44.71648,29.19362],[44.69084,29.20235],[42.85773,30.49519],[42.07441,31.08038],[40.47885,31.89335],[40.3693,31.93898],[40.02782,31.995],[39.14545,32.1245]]}},{"type":"Feature","properties":{},"geometry":{"type":"LineString","coordinates":[[61.58785,25.20234],[61.61539,25.28611],[61.64014,25.58464],[61.67136,25.69236],[61.66185,25.7513],[61.66862,25.769],[61.73766,25.82111],[61.7544,25.84336],[61.81001,26.1653],[61.84235,26.22594],[61.86979,26.24243],[62.08901,26.31824],[62.12596,26.36901],[62.23933,26.35705],[62.24967,26.36924],[62.25964,26.42748],[62.3123,26.49086],[62.38506,26.54264],[62.43922,26.56101],[62.63641,26.59365],[62.7516,26.63915],[62.78664,26.6439],[63.09292,26.63233],[63.15778,26.64977],[63.16806,26.66558],[63.1861,26.83761],[63.24155,26.86474],[63.25033,26.87924],[63.23147,26.99812],[63.24206,27.07768],[63.30521,27.12457],[63.30159,27.15147],[63.25622,27.20793],[63.19607,27.24392],[63.16677,27.25247],[62.91547,27.21842],[62.8116,27.22945],[62.76302,27.25017],[62.75279,27.26565],[62.76251,27.30019],[62.76431,27.35673],[62.80085,27.44455],[62.81201,27.49703],[62.78235,27.80053],[62.73977,28.00204],[62.76251,28.20208],[62.75801,28.24357],[62.74943,28.2529],[62.7176,28.2528],[62.56458,28.23518],[62.43389,28.36388],[62.35302,28.41475],[62.13055,28.47883],[62.03299,28.49103],[61.8899,28.54653],[61.62304,28.79163],[61.56878,28.87093],[61.50863,29.00603],[61.33784,29.26501],[61.33949,29.33178],[61.31836,29.37263],[60.8434,29.85869]]}},{"type":"Feature","properties":{},"geometry":{"type":"LineString","coordinates":[[60.8434,29.85869],[61.78422,30.83192],[61.81083,30.91331],[61.81429,31.07255],[61.75502,31.2853],[61.6602,31.38243],[60.85404,31.48325],[60.82076,31.49518],[60.79162,31.6606],[60.80433,31.7345],[60.78754,31.87718],[60.78991,31.98709],[60.82727,32.16796],[60.82934,32.2494],[60.57654,32.99486],[60.56197,33.05878],[60.56052,33.13782],[60.71803,33.32355],[60.76686,33.36383],[60.85926,33.45623],[60.91704,33.50524],[60.90691,33.53899],[60.8064,33.55868],[60.65457,33.56041],[60.57385,33.58831],[60.51081,33.6389],[60.4859,33.7119],[60.52703,33.84197],[60.4858,34.09479],[60.57018,34.21964],[60.64269,34.30716],[60.88949,34.31943],[60.80392,34.418],[60.76263,34.47526],[60.73617,34.4918],[60.72625,34.51826],[60.73948,34.54471],[60.80231,34.55464],[60.84531,34.58771],[60.95114,34.65385],[60.95776,34.71008],[61.04044,34.79937],[61.08013,34.8556],[61.07021,34.92174],[61.10659,35.00112],[61.12312,35.05073],[61.14958,35.09372],[61.10659,35.20948],[61.09997,35.27232],[61.18927,35.31201],[61.19919,35.36161],[61.24549,35.47406],[61.27856,35.51375],[61.28187,35.55344],[61.26203,35.61958]]}},{"type":"Feature","properties":{},"geometry":{"type":"LineString","coordinates":[[73.73181,36.88777],[73.76912,36.88847],[73.90787,36.85294],[74.00182,36.82308],[74.03892,36.82571],[74.19468,36.89687],[74.54137,37.02218]]}},{"type":"Feature","properties":{},"geometry":{"type":"LineString","coordinates":[[60.8434,29.85869],[62.37349,29.42539],[62.47653,29.40833],[63.56762,29.49799],[63.97101,29.43009],[64.09875,29.39195],[64.11793,29.41428],[64.17214,29.46037],[64.26608,29.50693],[64.39372,29.54432],[64.52111,29.5645],[64.82729,29.56416],[64.91891,29.55277],[65.09549,29.55949],[65.66626,29.70131],[66.17708,29.8356],[66.23123,29.86572],[66.28689,29.92001],[66.31335,29.96853],[66.2472,30.04349],[66.23842,30.10964],[66.28183,30.19345],[66.30544,30.32115],[66.30095,30.503],[66.28689,30.60793],[66.34689,30.80277],[66.39717,30.9122],[66.56682,30.99656],[66.59581,31.01997],[66.62418,31.04606],[66.73136,31.19456],[66.82929,31.26367],[66.92432,31.30563],[67.02772,31.30026],[67.11593,31.24293],[67.28729,31.21784],[67.45287,31.23463],[67.59637,31.27768],[67.66148,31.313],[67.73786,31.34395],[67.73347,31.37925],[67.64707,31.40997],[67.59756,31.4533],[67.57823,31.50648],[67.6267,31.53877],[67.73988,31.54818],[68.01717,31.67796],[68.13019,31.76328],[68.16104,31.80297],[68.21396,31.80739],[68.31979,31.7677],[68.44324,31.75447],[68.52066,31.79416],[68.5976,31.80297],[68.67326,31.75972],[68.71367,31.70804],[68.78229,31.64644],[68.86901,31.63425],[68.97339,31.66737],[69.0831,31.73845],[69.18692,31.83811],[69.27932,31.93681],[69.24144,32.43355],[69.28991,32.53057],[69.35947,32.59031],[69.40541,32.68271],[69.40458,32.76428],[69.45316,32.83283],[69.50158,33.02005],[69.56772,33.06416],[69.70368,33.09472],[69.9201,33.11248],[70.26117,33.28903],[70.28417,33.36905],[70.21972,33.45468],[70.13415,33.62074],[70.05663,33.71985],[69.86807,33.89765],[69.88967,34.00728],[69.99473,34.05182],[70.25362,33.97596],[70.32571,33.96116],[70.41573,33.95043],[70.65401,33.95229],[70.84842,33.98191],[71.05161,34.04973],[71.0913,34.12027],[71.08908,34.20406],[71.09569,34.36943],[71.02293,34.43115],[70.97885,34.48629],[70.96562,34.53037],[71.01632,34.55464],[71.06567,34.59962],[71.11331,34.6816],[71.22581,34.77953],[71.29413,34.86772],[71.4551,34.96694],[71.51706,35.05114],[71.54548,35.10142],[71.60166,35.15067],[71.62047,35.18302],[71.60522,35.21178],[71.54548,35.28885],[71.54548,35.32854],[71.60062,35.40792],[71.57194,35.54682],[71.51903,35.59752],[71.48363,35.71462],[71.42756,35.83373],[71.39759,35.88019],[71.34286,35.93853],[71.22018,36.0007],[71.18509,36.04212],[71.23289,36.1218],[71.31258,36.1712],[71.46327,36.29326],[71.54585,36.37768],[71.62047,36.43648],[71.71638,36.42656],[71.7726,36.43183],[71.82221,36.48609],[71.92071,36.5342],[72.09558,36.63376],[72.15676,36.70089],[72.24983,36.73473],[72.32699,36.74241],[72.43117,36.76582],[72.62283,36.82959],[72.76624,36.83501],[72.99372,36.8516],[73.11676,36.86855],[73.41116,36.8817],[73.73181,36.88777]]}},{"type":"Feature","properties":{},"geometry":{"type":"LineString","coordinates":[[70.94681,42.24866],[70.86041,42.20724],[70.76455,42.19417],[70.71525,42.16867],[70.61324,42.05475],[70.5843,42.03604],[70.54012,42.03945],[70.48911,42.08025],[70.41599,42.07854],[70.32892,42.02798],[70.22587,41.94602],[70.0956,41.8205],[69.96,41.75404],[69.78812,41.6973],[69.66389,41.67213],[69.56514,41.62904],[69.40096,41.54191],[69.3683,41.49057],[69.24929,41.46023],[69.15364,41.42525],[69.06496,41.36693],[69.04347,41.26412],[68.98688,41.20503],[68.85123,41.12385],[68.73713,41.04189],[68.58406,40.87626],[68.55926,40.82929],[68.55657,40.76513],[68.59367,40.71129],[68.60065,40.65997],[68.57264,40.62264],[68.4957,40.60863],[68.41508,40.61943],[68.29188,40.65612],[68.16026,40.72175],[68.11226,40.75405],[68.04771,40.80929],[68.05707,40.86061],[68.11303,41.02861],[68.05939,41.06127],[68.0197,41.09625],[67.93573,41.19658],[67.80509,41.16392],[67.73507,41.18725],[66.8143,41.1424],[66.74976,41.15707],[66.70965,41.17914],[66.66868,41.27076],[66.60165,41.49432],[66.53788,41.74128],[66.49866,41.99488],[66.00959,42.00488],[66.01554,42.31478],[66.04985,42.47273],[66.10029,42.99084],[65.80299,42.87697],[65.49619,43.31053],[65.27047,43.41753],[65.17094,43.49419],[65.00314,43.64907],[64.90548,43.7147],[64.81179,43.69392],[64.44318,43.55119],[63.20703,43.62798],[62.072,43.48934],[61.99025,43.49213],[61.38507,43.99396],[61.16069,44.16862],[61.09703,44.24826],[61.06535,44.3484],[61.00788,44.39378],[58.66891,45.50756],[58.55522,45.55536],[58.44944,45.54291],[57.4773,45.33744],[55.97568,44.99493],[55.97744,41.32223]]}},{"type":"Feature","properties":{},"geometry":{"type":"LineString","coordinates":[[56.08043,26.06265],[56.1165,26.06818],[56.16746,26.04745],[56.17257,25.94519],[56.15407,25.8485],[56.15195,25.74608],[56.14461,25.69053],[56.18363,25.64492],[56.24952,25.62539],[56.27851,25.62774],[56.29789,25.65068]]}},{"type":"Feature","properties":{},"geometry":{"type":"LineString","coordinates":[[30.50995,-1.06727],[30.41234,-1.06304],[30.36025,-1.07461],[30.32051,-1.11306],[30.27984,-1.17879],[30.10155,-1.36865],[29.9905,-1.44694],[29.93009,-1.46994],[29.90002,-1.46632],[29.88162,-1.4518],[29.84684,-1.3517],[29.82545,-1.33558],[29.60965,-1.3871],[29.57693,-1.38787]]}},{"type":"Feature","properties":{},"geometry":{"type":"LineString","coordinates":[[30.50995,-1.06727],[30.47703,-1.08298],[30.47021,-1.13115],[30.50809,-1.20825],[30.63196,-1.36746],[30.71071,-1.39681],[30.76218,-1.45872],[30.81262,-1.56306],[30.8275,-1.69369],[30.80673,-1.85069],[30.81913,-1.96748],[30.86461,-2.04406],[30.8766,-2.14338],[30.855,-2.26539],[30.82874,-2.33851],[30.79763,-2.3627],[30.76244,-2.37169],[30.71485,-2.36352],[30.65661,-2.37381],[30.59341,-2.3968],[30.55362,-2.40011]]}},{"type":"Feature","properties":{},"geometry":{"type":"LineString","coordinates":[[33.90323,-1.00206],[30.84476,-1.00206],[30.80921,-0.99493],[30.74203,-1.00754],[30.67278,-1.05136],[30.59873,-1.0697],[30.51987,-1.06252],[30.50995,-1.06727]]}},{"type":"Feature","properties":{},"geometry":{"type":"LineString","coordinates":[[34.59141,-11.97105],[34.55399,-11.98227],[34.54159,-12.01865],[34.58045,-12.06577],[34.62179,-12.0666],[34.64164,-12.01368],[34.62427,-11.98475],[34.59141,-11.97105]]}},{"type":"Feature","properties":{},"geometry":{"type":"LineString","coordinates":[[87.32281,49.08579],[87.41671,49.07659],[87.47619,49.09145],[87.51588,49.12243],[87.76248,49.16581],[87.81829,49.16209]]}},{"type":"Feature","properties":{},"geometry":{"type":"LineString","coordinates":[[45.50444,40.66486],[45.47881,40.64832],[45.47881,40.60698],[45.51436,40.59954],[45.55239,40.61607],[45.56231,40.64915],[45.5342,40.66403],[45.50444,40.66486]]}},{"type":"Feature","properties":{},"geometry":{"type":"LineString","coordinates":[[44.99439,41.08561],[44.96142,41.07925],[44.95889,41.05261],[44.96902,41.02724],[45.00204,41.01582],[45.02359,41.02724],[45.02865,41.05388],[45.02106,41.07798],[44.99439,41.08561]]}},{"type":"Feature","properties":{},"geometry":{"type":"LineString","coordinates":[[70.57205,41.02481],[70.54999,41.01489],[70.56875,40.98181],[70.62275,40.9344],[70.65251,40.9366],[70.64921,40.96086],[70.61836,41.00166],[70.57205,41.02481]]}},{"type":"Feature","properties":{},"geometry":{"type":"LineString","coordinates":[[26.61898,48.25985],[26.64047,48.29416],[26.84707,48.38715],[26.90056,48.37193],[27.00851,48.36826],[27.2285,48.37141],[27.33697,48.4327],[27.40379,48.41565],[27.45846,48.44309],[27.54925,48.47771],[27.57375,48.4649],[27.71441,48.4495],[27.82004,48.41627],[27.89063,48.36521],[27.96339,48.33356],[28.03842,48.32129],[28.08013,48.29581],[28.0885,48.25705],[28.15883,48.23799],[28.29102,48.23855],[28.34714,48.21305],[28.32698,48.16143],[28.34052,48.14445],[28.38755,48.16213],[28.42305,48.14688],[28.44202,48.10869],[28.46305,48.0905],[28.53049,48.15032],[28.6017,48.1444],[28.77378,48.11957],[28.86581,47.99568],[28.92318,47.95113],[28.97335,47.93299],[29.03697,47.95234],[29.09293,47.97542],[29.12539,47.96454],[29.19484,47.8824],[29.21117,47.77502],[29.21075,47.73156],[29.18605,47.65859],[29.12296,47.53038],[29.13489,47.48969],[29.1598,47.45566],[29.20057,47.44449],[29.33374,47.37571],[29.38341,47.32804],[29.4557,47.29264],[29.51063,47.29071],[29.53916,47.27099],[29.54934,47.24681],[29.54179,47.18554],[29.51099,47.12803],[29.51503,47.09111],[29.5635,47.04752],[29.57197,46.96401],[29.59776,46.93884],[29.71977,46.88293],[29.87785,46.82892],[29.9181,46.78242],[29.94249,46.72376],[29.9243,46.53887],[30.13101,46.42308],[30.07571,46.37784],[29.87805,46.36022],[29.8379,46.35056],[29.75201,46.43779],[29.7068,46.44874],[29.66458,46.41675],[29.61497,46.39882],[29.55507,46.40776],[29.49105,46.43469],[29.4588,46.45375],[29.43281,46.45598],[29.39286,46.43691],[29.33953,46.44507],[29.30486,46.46662],[29.25458,46.39262],[29.22388,46.37696],[29.20455,46.37937],[29.20083,46.50497],[29.18621,46.52396],[29.14626,46.5269],[29.04994,46.49703],[28.95837,46.45848],[28.92746,46.42412],[28.93057,46.36224],[28.94369,46.28842],[29.00627,46.17648],[28.97191,46.12765],[28.94772,46.04993],[28.84954,45.97864],[28.73874,45.93714],[28.72934,45.85198],[28.66764,45.79385],[28.56232,45.73581],[28.49163,45.66579],[28.50951,45.61784],[28.51374,45.57241],[28.50175,45.54156],[28.49907,45.51774],[28.47137,45.5072],[28.31034,45.49857],[28.26487,45.48386],[28.21247,45.45046]]}},{"type":"Feature","properties":{},"geometry":{"type":"LineString","coordinates":[[67.759,37.17223],[67.76602,37.14011],[67.83444,37.0642],[67.95795,36.97201],[68.06781,36.94981],[68.2121,37.02151],[68.26098,37.01309],[68.28475,37.03634],[68.29953,37.08843],[68.38686,37.13748],[68.54655,37.18347],[68.63698,37.22447],[68.66917,37.25842],[68.72323,37.26801],[68.78209,37.25798],[68.82374,37.27072],[68.83847,37.30284],[68.85536,37.31684],[68.91179,37.33395],[68.96047,37.32506],[69.04998,37.26651],[69.1802,37.15827],[69.26485,37.10841],[69.30391,37.11693],[69.35383,37.15006],[69.4145,37.20778],[69.4297,37.29085],[69.39921,37.39932],[69.42008,37.4867],[69.49212,37.55306],[69.62576,37.59404],[69.82089,37.60959],[69.94062,37.60029],[69.98496,37.56616],[70.0447,37.54722],[70.11983,37.5435],[70.18872,37.58249],[70.25145,37.66419],[70.25497,37.76537],[70.19947,37.88601],[70.21466,37.92443],[70.31326,37.98481],[70.41775,38.07545],[70.51857,38.19198],[70.61582,38.33443],[70.73592,38.42256],[70.87886,38.45641],[71.05218,38.41786],[71.25589,38.30696],[71.33273,38.17028],[71.28281,38.00791],[71.27852,37.91841],[71.31997,37.90185],[71.38968,37.90632],[71.48776,37.9319],[71.55194,37.93314],[71.58223,37.91009],[71.58037,37.86425],[71.54616,37.79565],[71.50502,37.60292],[71.43288,37.12755],[71.53086,36.84509],[71.59752,36.73293],[71.66563,36.69691],[71.73374,36.68401],[71.80206,36.6943],[71.94195,36.76644],[72.15351,36.90054],[72.35882,36.98294],[72.65741,37.02906],[72.75709,37.17269],[72.89553,37.26754],[73.21117,37.40852],[73.38294,37.46226],[73.48133,37.47167],[73.7206,37.41875],[73.73383,37.37576],[73.71729,37.32945],[73.64882,37.29119],[73.62758,37.26158],[73.65347,37.23938],[73.74964,37.23178],[74.07778,37.31622],[74.16708,37.32945],[74.20346,37.37245],[74.25968,37.41544],[74.34898,37.41875],[74.44489,37.3956],[74.52427,37.38237],[74.6594,37.39449],[74.73056,37.35702],[74.8305,37.28592],[74.89133,37.23163]]}},{"type":"Feature","properties":{},"geometry":{"type":"LineString","coordinates":[[66.52228,37.3485],[66.82768,37.37131],[67.06886,37.33483],[67.19546,37.2352],[67.31975,37.20959],[67.4417,37.25798],[67.51725,37.26667],[67.5465,37.23566],[67.60738,37.22251],[67.69998,37.22726],[67.7529,37.1998],[67.759,37.17223]]}},{"type":"Feature","properties":{},"geometry":{"type":"LineString","coordinates":[[61.26203,35.61958],[61.34471,35.62951],[61.42181,35.54579],[61.54273,35.45786],[61.62097,35.43233],[61.71978,35.41941],[61.84101,35.43148],[61.93806,35.44789],[61.9839,35.4437],[62.08968,35.37968],[62.21308,35.28997],[62.25282,35.25023],[62.27117,35.18912],[62.30786,35.17077],[62.38661,35.23123],[62.46283,35.25139],[62.61058,35.23315],[62.68814,35.25534],[62.858,35.34968],[63.0566,35.44582],[63.08414,35.56809],[63.11928,35.63754],[63.16972,35.67811],[63.10858,35.81869],[63.12998,35.84621],[63.17886,35.85843],[63.30165,35.85841],[63.51698,35.91313],[63.86249,36.01235],[63.93809,36.01974],[64.00966,36.01212],[64.04238,36.02509],[64.05132,36.06764],[64.09224,36.11268],[64.35807,36.22606],[64.51103,36.34068],[64.56586,36.4276],[64.6026,36.55454],[64.75308,36.9648],[64.78238,37.05929],[64.81633,37.1321],[64.95162,37.19354],[65.0897,37.23793],[65.55494,37.25116],[65.60802,37.36842],[65.64124,37.46784],[65.68295,37.51916],[65.74387,37.56086],[65.76501,37.56913],[66.10845,37.41477],[66.47184,37.34472],[66.52228,37.3485]]}},{"type":"Feature","properties":{},"geometry":{"type":"LineString","coordinates":[[92.5749,21.97809],[92.56125,22.04803],[92.53185,22.41031],[92.50963,22.52571],[92.49139,22.68539],[92.46446,22.73443],[92.43046,22.82181],[92.39315,22.89703],[92.36163,22.92901],[92.34127,23.06981],[92.33424,23.32382],[92.28939,23.49249],[92.24608,23.68362],[92.18707,23.67553],[92.15234,23.72186],[92.12702,23.72101],[92.04408,23.67778],[91.97855,23.69202],[91.92961,23.686],[91.92951,23.59825],[91.93788,23.50469],[91.91918,23.47105],[91.79009,23.36103],[91.75422,23.28731],[91.75794,23.2098],[91.77386,23.10608],[91.75102,23.05353],[91.6949,23.00485],[91.61956,22.97968],[91.55356,22.99157],[91.51124,23.03371],[91.4714,23.14128],[91.43626,23.1999],[91.39947,23.21385],[91.37063,23.19799],[91.36867,23.07456],[91.35936,23.06839],[91.33885,23.07699],[91.31523,23.10438],[91.25379,23.37364],[91.16553,23.58104],[91.16046,23.66062],[91.1925,23.76289],[91.23198,23.92048],[91.33642,24.01882],[91.35022,24.0605],[91.36706,24.09352],[91.39264,24.10008],[91.52638,24.09075],[91.57139,24.10659],[91.61113,24.15284],[91.6687,24.19007],[91.72653,24.20509],[91.77252,24.21067],[91.84621,24.17527],[91.8769,24.19532],[91.89902,24.26069],[91.93101,24.32554],[91.95163,24.35676],[92.00108,24.37092],[92.06413,24.37435],[92.08506,24.38616],[92.10201,24.40805],[92.11751,24.49396],[92.19807,24.68575],[92.22665,24.77102],[92.23058,24.78624],[92.2283,24.88132],[92.25125,24.89507],[92.38499,24.84877],[92.44317,24.84939],[92.47506,24.86851],[92.48545,24.90331],[92.46834,24.94414],[92.37341,25.01514],[92.20464,25.11095],[92.04971,25.16947],[91.76353,25.16064],[91.47972,25.14213],[91.39662,25.15162],[91.29312,25.17797],[91.0383,25.17407],[90.7302,25.15947],[90.61305,25.16774],[90.55533,25.16658],[90.43937,25.15772],[90.25044,25.18497],[90.1196,25.21996],[90.00384,25.25836],[89.86628,25.29316],[89.83331,25.2928],[89.81408,25.30535],[89.80091,25.33615],[89.79631,25.37582],[89.82488,25.56015],[89.79961,25.83959],[89.82292,25.94141],[89.70985,26.17122],[89.67094,26.21383],[89.61906,26.21569],[89.58573,26.18605],[89.57276,26.13231],[89.59141,26.07241],[89.54991,26.00526],[89.46692,25.98353],[89.36977,26.00611],[89.28921,26.03761],[89.18642,26.10595],[89.10829,26.20223],[89.10198,26.30834],[89.06679,26.37692],[89.01863,26.41027],[88.98339,26.41955],[88.95191,26.41213],[88.92411,26.37508],[88.98153,26.28612],[88.97041,26.2509],[88.94075,26.24535],[88.89652,26.26052],[88.82799,26.2522],[88.76195,26.27938],[88.72216,26.28183],[88.68284,26.2917],[88.68061,26.35299],[88.62015,26.43066],[88.51825,26.51776],[88.41815,26.57153],[88.36993,26.56412],[88.34585,26.50479],[88.35143,26.48257],[88.38626,26.47154],[88.43675,26.43709],[88.44781,26.40102],[88.44037,26.3695],[88.378,26.31204],[88.33397,26.25752],[88.23516,26.17809],[88.15072,26.08714],[88.12902,26.01823],[88.09739,25.95635],[88.08463,25.88824],[88.10659,25.84114],[88.14742,25.81145],[88.25289,25.7898],[88.36311,25.69817],[88.45231,25.57443],[88.50243,25.53702],[88.59349,25.49529],[88.76919,25.49049],[88.79539,25.45628],[88.82035,25.36551],[88.85476,25.33354],[88.94416,25.29078],[88.95166,25.25926],[88.9298,25.22301],[88.89011,25.19438],[88.8173,25.17624],[88.74759,25.16895],[88.67751,25.18048],[88.57385,25.18787],[88.45629,25.18844],[88.37293,24.96153],[88.31335,24.88184],[88.2795,24.88194],[88.18886,24.9206],[88.14979,24.91466],[88.0451,24.71304],[88.02339,24.62785],[88.07905,24.54992],[88.14545,24.48579],[88.22503,24.46063],[88.28715,24.47975],[88.33753,24.45386],[88.39696,24.38926],[88.49856,24.34663],[88.64232,24.32596],[88.7235,24.2749],[88.73358,24.23092],[88.71379,24.06964],[88.69984,24.00251],[88.62253,23.82635],[88.56734,23.67442],[88.59597,23.60218],[88.61643,23.57277],[88.69767,23.49304],[88.74087,23.43661],[88.70397,23.29284],[88.72443,23.25496],[88.80758,23.22969],[88.89703,23.21042],[88.92809,23.1866],[88.85063,23.04051],[88.86696,22.93886],[88.89972,22.84349],[88.92695,22.67115],[88.9207,22.632],[88.97145,22.51093],[89.04994,22.27464],[89.05584,22.18624],[89.05144,22.09317]]}},{"type":"Feature","properties":{},"geometry":{"type":"LineString","coordinates":[[29.3648,-22.19389],[29.66313,-22.1463],[29.90234,-22.18423],[30.19038,-22.29115],[30.46019,-22.32902],[30.71165,-22.29781],[30.91608,-22.29068],[31.07338,-22.30779],[31.1973,-22.34489],[31.28784,-22.40204]]}},{"type":"Feature","properties":{},"geometry":{"type":"LineString","coordinates":[[24.0,-25.62807],[24.1045,-25.63487],[24.19297,-25.63291],[24.33059,-25.74287],[24.4002,-25.7498],[24.74818,-25.81739],[24.86921,-25.81346],[24.99892,-25.75403],[25.0925,-25.75145],[25.21338,-25.75626],[25.34618,-25.73998],[25.44365,-25.71445],[25.51816,-25.66277],[25.58379,-25.60624],[25.65924,-25.43793],[25.70265,-25.30233],[25.76988,-25.14653],[25.85241,-24.93527],[25.88186,-24.788],[25.91209,-24.74748],[26.03188,-24.70242],[26.13084,-24.67147],[26.39718,-24.61354],[26.45175,-24.58269],[26.50151,-24.51328],[26.61773,-24.39546],[26.76114,-24.29717],[26.83509,-24.24079],[26.98701,-23.70455],[27.08551,-23.57794],[27.14638,-23.5244],[27.18556,-23.52342],[27.24116,-23.49004],[27.3134,-23.42425],[27.39919,-23.38364],[27.49871,-23.36834],[27.56321,-23.32462],[27.59266,-23.25264],[27.64387,-23.21765],[27.71674,-23.21962],[27.75829,-23.19677],[27.76852,-23.14892],[27.8126,-23.10799],[27.89053,-23.07389],[27.93135,-23.03358],[27.93507,-22.98702],[28.02798,-22.87369],[28.2102,-22.69365],[28.38176,-22.5934],[28.54289,-22.57294],[28.69554,-22.53542],[28.83982,-22.48085],[28.94581,-22.39517],[29.01351,-22.27843],[29.12988,-22.21327],[29.3648,-22.19389]]}},{"type":"Feature","properties":{},"geometry":{"type":"LineString","coordinates":[[34.9595,-11.5781],[35.18264,-11.57485],[35.41823,-11.58317],[35.50443,-11.60482],[35.56432,-11.60234],[35.63098,-11.58198],[35.70473,-11.53216],[35.78544,-11.45294],[35.91133,-11.45465],[36.08217,-11.53733],[36.1755,-11.60927],[36.19131,-11.67066],[36.30567,-11.70631],[36.51868,-11.71624],[36.67381,-11.6843],[36.77107,-11.6104],[36.87272,-11.57128],[36.97886,-11.56694],[37.05916,-11.59221],[37.11384,-11.64714],[37.21838,-11.68652],[37.37289,-11.71045],[37.54172,-11.6751],[37.72486,-11.58064],[37.8293,-11.48193],[37.85503,-11.3791],[37.88537,-11.31667],[37.9202,-11.29476],[38.0173,-11.2821],[38.17656,-11.27869],[38.31511,-11.31109],[38.49174,-11.41331],[38.79477,-11.22893],[38.98752,-11.16728],[39.17097,-11.16686],[39.32156,-11.12258],[39.43917,-11.03452],[39.56346,-10.97855],[39.6944,-10.95478],[39.81708,-10.91236],[39.9887,-10.82084],[40.46356,-10.46432]]}},{"type":"Feature","properties":{},"geometry":{"type":"LineString","coordinates":[[28.14793,56.14293],[28.1179,56.14582],[28.03202,56.13329],[27.89631,56.07616],[27.69421,55.94155],[27.64227,55.91173],[27.58946,55.8092],[27.57675,55.79879],[27.42709,55.80595],[27.30922,55.80391],[27.05254,55.83055],[26.95306,55.81292],[26.82248,55.70921],[26.77183,55.69402],[26.62022,55.67965],[26.59355,55.66751]]}},{"type":"Feature","properties":{},"geometry":{"type":"LineString","coordinates":[[28.21247,45.45046],[28.31768,45.34713],[28.45127,45.2922],[28.7607,45.23414],[28.7883,45.24096],[28.79135,45.25192],[28.76985,45.2669],[28.76665,45.28623],[28.78174,45.30984],[28.82432,45.31108],[28.89429,45.28995],[29.02741,45.32054],[29.22357,45.40291],[29.40366,45.41966],[29.56768,45.37082],[29.65197,45.3139],[29.70592,45.2599]]}},{"type":"Feature","properties":{},"geometry":{"type":"LineString","coordinates":[[56.23427,25.30383],[56.2165,25.2667],[56.21055,25.21327],[56.24022,25.20882],[56.28182,25.23554],[56.28776,25.27859],[56.27732,25.30086],[56.23427,25.30383]]}},{"type":"Feature","properties":{},"geometry":{"type":"LineString","coordinates":[[32.1129,-26.8395],[32.19956,-26.8335],[32.35346,-26.86162],[32.88614,-26.84932]]}},{"type":"Feature","properties":{},"geometry":{"type":"LineString","coordinates":[[71.73658,39.98097],[71.68124,39.96867],[71.66894,39.94612],[71.70584,39.91741],[71.75296,39.90715],[71.77963,39.95022],[71.78991,39.99534],[71.76531,39.99327],[71.73658,39.98097]]}},{"type":"Feature","properties":{},"geometry":{"type":"LineString","coordinates":[[34.95914,-11.57723],[34.93702,-11.46343],[34.89061,-11.39357],[34.85062,-11.35192],[34.8009,-11.34091],[34.77377,-11.34168],[34.75217,-11.30944],[34.72644,-11.23818],[34.68846,-11.17746],[34.63812,-11.12712],[34.60789,-11.08051],[34.59766,-11.03752],[34.60567,-10.99028],[34.65233,-10.87288],[34.66711,-10.79247],[34.66184,-10.71004],[34.63652,-10.6256],[34.58355,-10.52509],[34.58955,-10.49615],[34.57162,-10.42763],[34.56976,-10.37968],[34.57999,-10.31983],[34.56991,-10.24108],[34.52423,-10.07313],[34.52423,-10.03014],[34.47596,-9.9488],[34.32781,-9.75656],[34.32088,-9.73155],[34.0886,-9.53776],[33.99558,-9.49544],[33.96209,-9.53172],[33.94959,-9.56536],[33.95935,-9.62737],[33.95367,-9.65817],[33.9439,-9.67217],[33.88882,-9.67011]]}},{"type":"Feature","properties":{},"geometry":{"type":"LineString","coordinates":[[107.97267,21.50794],[107.80203,21.64516],[107.75924,21.65501],[107.64101,21.61393],[107.4714,21.59832],[107.43347,21.64227],[107.3512,21.60891],[107.27209,21.71064],[107.17855,21.71707],[107.06161,21.7942],[107.0198,21.83487],[107.00642,21.89342],[106.97102,21.92391],[106.92518,21.92011],[106.87449,21.95127],[106.79418,21.98199],[106.72954,22.00036],[106.6976,21.98618],[106.66355,21.97892],[106.65771,22.01822],[106.66008,22.13648],[106.65419,22.24146],[106.63652,22.28861],[106.59316,22.32453],[106.55363,22.34169],[106.53637,22.39543],[106.55043,22.50139],[106.58247,22.57325],[106.63311,22.58604],[106.70153,22.63774],[106.73636,22.71091],[106.78028,22.77889],[106.62396,22.87426],[106.54185,22.90834],[106.4509,22.8939],[106.33814,22.86346],[106.27902,22.85747],[106.24946,22.86943],[106.18394,22.95514],[106.14849,22.97007],[106.001,22.97477],[105.96235,22.93746],[105.90266,22.92496],[105.84298,22.92281],[105.78231,22.96935],[105.69125,23.02991],[105.54811,23.07265],[105.53085,23.12197],[105.49457,23.18086],[105.44016,23.23533],[105.3505,23.30767],[105.27536,23.34519],[105.23878,23.32212],[105.18906,23.28103],[104.91022,23.16052],[104.86474,23.13637],[104.82655,23.10019],[104.7957,22.91116],[104.7401,22.86049],[104.68728,22.8222],[104.57758,22.82],[104.52683,22.80409],[104.37175,22.70407],[104.29837,22.712],[104.23832,22.76851],[104.21248,22.80941],[104.14308,22.80016],[104.05389,22.75231],[104.0127,22.66637],[103.99079,22.58612],[103.97141,22.55051],[103.94149,22.54007],[103.91503,22.53824],[103.62022,22.78205],[103.57071,22.73443],[103.52544,22.61157],[103.49294,22.58798],[103.47103,22.59743],[103.3561,22.75468],[103.32664,22.76977],[103.3006,22.7644],[103.26629,22.71352],[103.19332,22.63852],[103.13761,22.59299],[103.13637,22.54224],[103.00537,22.453],[102.98196,22.44827],[102.93514,22.46617],[102.87427,22.5254],[102.83009,22.58715],[102.721,22.64849],[102.59852,22.7004],[102.51718,22.74099],[102.47088,22.75091],[102.42789,22.73282],[102.40644,22.70802],[102.37575,22.64663],[102.30226,22.54601],[102.237,22.46599],[102.12744,22.3792]]}},{"type":"Feature","properties":{},"geometry":{"type":"LineString","coordinates":[[113.54814,22.22262],[113.52706,22.24593],[113.49419,22.24154],[113.48106,22.21746],[113.47889,22.19554]]}},{"type":"Feature","properties":{},"geometry":{"type":"LineString","coordinates":[[114.0154,22.51191],[114.05033,22.54299],[114.09787,22.55126],[114.12288,22.56501],[114.1882,22.56501],[114.26603,22.54098]]}},{"type":"Feature","properties":{},"geometry":{"type":"LineString","coordinates":[[70.61205,39.78674],[70.55955,39.7909],[70.51862,39.82816],[70.48927,39.86305],[70.48276,39.88273],[70.56709,39.86658],[70.66414,39.85545],[70.69825,39.84586],[70.70166,39.82527],[70.61205,39.78674]]}},{"type":"Feature","properties":{},"geometry":{"type":"LineString","coordinates":[[71.21563,39.90679],[71.20618,39.89255],[71.15626,39.88346],[71.06422,39.88493],[71.01177,39.89514],[71.04365,39.97632],[71.04484,39.99255],[71.01451,40.00578],[70.97436,40.03887],[70.96066,40.08797],[70.97627,40.13326],[71.00541,40.15228],[71.02412,40.14915],[71.08034,40.07988],[71.13026,40.05967],[71.22866,40.04815],[71.1793,39.97983],[71.21563,39.90679]]}},{"type":"Feature","properties":{},"geometry":{"type":"LineString","coordinates":[[145.94017,43.09954],[145.90343,43.26217],[145.86353,43.37131],[145.83991,43.4173],[145.77971,43.48029],[145.68659,43.54551],[145.53771,43.51254],[145.42681,43.6371],[145.26197,43.73185],[145.24119,43.78167],[145.25122,43.86949],[145.27359,43.90559],[145.53208,44.14289],[145.6207,44.29058],[145.6636,44.44809],[145.64603,44.5901],[145.5789,44.78507]]}},{"type":"Feature","properties":{},"geometry":{"type":"LineString","coordinates":[[28.99955,9.61016],[29.12234,9.67466],[29.24243,9.71809],[29.47317,9.7686],[29.5574,9.84829],[29.60396,9.92138],[29.60551,10.06507],[29.69104,10.12194],[29.95789,10.25025],[30.00306,10.27741],[30.47466,9.97895],[30.75536,9.73122],[30.76916,9.7268],[30.7949,9.74587],[30.82704,9.75628],[31.15446,9.77093],[31.2249,9.79925],[31.6549,10.22116],[31.79204,10.38316],[31.85426,10.47905],[31.93297,10.66248],[32.40415,11.05777],[32.42079,11.08912],[32.42544,11.11395],[32.35423,11.24694],[32.33883,11.3145],[32.33578,11.41855],[32.34989,11.5804],[32.34493,11.6827],[32.33532,11.71603],[32.07229,12.00674],[32.73674,12.00965],[32.73829,12.03374],[32.71581,12.13926],[32.71891,12.21884],[33.1993,12.21729],[33.1931,12.13502],[33.13506,11.9416],[33.1361,11.82558],[33.12251,11.69314],[33.073,11.59149],[33.17217,10.85016],[33.16473,10.81921],[33.1315,10.75774],[33.1408,10.7379],[33.36068,10.65783],[33.37991,10.64617],[33.45907,10.55083],[33.89217,10.19896],[33.90706,10.18145],[33.95186,10.07096],[33.95842,10.02773],[33.94618,9.94092],[33.96245,9.85581],[33.89497,9.71762],[33.87398,9.62678],[33.86778,9.55035],[33.8715,9.50614],[33.89093,9.46221],[34.07681,9.46152]]}},{"type":"Feature","properties":{},"geometry":{"type":"LineString","coordinates":[[24.1474,8.66564],[24.16042,8.69627],[24.21354,8.76781],[24.30015,8.81424],[24.53192,8.8869],[24.54484,8.91486],[24.54939,9.00679],[24.5683,9.05172],[24.64804,9.17908],[24.6594,9.22993],[24.66292,9.33814],[24.67367,9.3893],[24.69672,9.42568],[24.76038,9.48893],[24.7826,9.52733],[24.79221,9.61032],[24.78524,9.77465],[24.79493,9.81024],[24.81769,9.83961],[24.96383,9.98885],[25.0029,10.05528],[25.01618,10.11522],[25.01484,10.17586],[25.02362,10.23581],[25.06703,10.29379],[25.10403,10.31183],[25.21172,10.32991],[25.28521,10.31849],[25.74939,10.40737],[25.79804,10.4205],[25.85819,10.4065],[25.88522,10.34609],[25.88279,10.24961],[25.89147,10.20271],[25.91912,10.16935],[26.00061,10.12341],[26.05705,10.0468],[26.08702,10.01846],[26.16955,9.9659],[26.55133,9.52583],[26.65871,9.48415],[26.7632,9.49921],[26.97048,9.59063],[27.07424,9.61383],[27.79978,9.58789],[27.8808,9.6016]]}},{"type":"Feature","properties":{},"geometry":{"type":"LineString","coordinates":[[27.8808,9.6016],[27.99625,9.3788],[28.04895,9.32861],[28.84448,9.3261],[28.82943,9.38884],[28.83947,9.45911],[28.99955,9.61016]]}},{"type":"Feature","properties":{},"geometry":{"type":"LineString","coordinates":[[33.88882,-9.67011],[33.85419,-9.66298],[33.76624,-9.61089],[33.69766,-9.59812],[33.52749,-9.60748],[33.46776,-9.61972],[33.42094,-9.60804],[33.33092,-9.51916],[33.22529,-9.50045],[33.13052,-9.49591],[32.97404,-9.39498],[32.9373,-9.39968],[32.91988,-9.40738]]}},{"type":"Feature","properties":{},"geometry":{"type":"LineString","coordinates":[[33.59414,46.09624],[33.65432,46.14622],[33.65997,46.21957],[33.80667,46.20829],[34.02672,46.10673],[34.12828,46.0898],[34.2242,46.10108],[34.35398,46.06159],[34.4499,45.96567],[34.52325,45.97695],[34.68688,45.97695],[34.79408,45.89231],[34.79973,45.79075],[34.94643,45.72869],[35.00167,45.73338]]}},{"type":"Feature","properties":{},"geometry":{"type":"LineString","coordinates":[[77.04861,35.1099],[76.76687,35.6617]]}},{"type":"Feature","properties":{},"geometry":{"type":"LineString","coordinates":[[77.04861,35.1099],[77.79937,35.49592]]}},{"type":"Feature","properties":{},"geometry":{"type":"LineString","coordinates":[[79.11688,33.22525],[79.35508,33.16981],[79.37617,33.1463],[79.3402,33.034],[79.33483,32.97551],[79.43591,32.83404],[79.49911,32.73007],[79.49353,32.68829],[79.46986,32.64338],[79.38459,32.57005],[79.29157,32.50665],[79.21877,32.50102]]}},{"type":"Feature","properties":{},"geometry":{"type":"LineString","coordinates":[[79.21877,32.50102],[79.16988,32.49722],[79.1274,32.47577],[79.06704,32.38818],[78.99769,32.36516],[78.91899,32.35818],[78.83791,32.41198],[78.77124,32.46807],[78.75347,32.49926],[78.73672,32.55837],[78.70086,32.597],[78.63156,32.57894],[78.41256,32.5577],[78.39173,32.54473],[78.38967,32.51988],[78.41747,32.4667],[78.44134,32.39735],[78.45529,32.30033],[78.48739,32.23352]]}},{"type":"Feature","properties":{},"geometry":{"type":"LineString","coordinates":[[78.48739,32.23352],[78.49591,32.21576],[78.67771,32.02303],[78.72556,31.98381],[78.73548,31.95795],[78.71673,31.88026]]}},{"type":"Feature","properties":{},"geometry":{"type":"LineString","coordinates":[[78.71673,31.88026],[78.68701,31.8055],[78.69347,31.74036],[78.75388,31.66835],[78.80297,31.61807],[78.75507,31.55027],[78.7267,31.47183],[78.75863,31.43658],[78.74349,31.3238],[78.75781,31.30248],[78.79166,31.29365],[78.84293,31.30126]]}},{"type":"Feature","properties":{},"geometry":{"type":"LineString","coordinates":[[78.84293,31.30126],[78.8995,31.33137],[78.94601,31.33721],[78.97392,31.32863],[79.01107,31.4141],[79.04379,31.42622],[79.10714,31.40266],[79.33875,31.1057],[79.37048,31.07922]]}},{"type":"Feature","properties":{},"geometry":{"type":"LineString","coordinates":[[79.37048,31.07922],[79.49316,30.99372],[79.56546,30.94909],[79.66426,30.96522],[79.79459,30.96827],[79.91036,30.89844]]}},{"type":"Feature","properties":{},"geometry":{"type":"LineString","coordinates":[[79.91036,30.89844],[80.0815,30.78192],[80.14945,30.78985],[80.19431,30.75921],[80.20713,30.68373],[80.18625,30.60532],[80.19116,30.56879]]}},{"type":"Feature","properties":{},"geometry":{"type":"LineString","coordinates":[[80.19116,30.56879],[80.26097,30.56134],[80.54096,30.46354],[80.60886,30.44889],[80.68214,30.41484],[80.74678,30.36042],[80.87354,30.29058],[80.98548,30.23712],[81.01023,30.16452]]}},{"type":"Feature","properties":{},"geometry":{"type":"LineString","coordinates":[[90.3337,28.11753],[90.35214,28.16818],[90.36299,28.2165],[90.34821,28.24394],[90.22078,28.27776],[90.10451,28.30205],[89.9811,28.31119],[89.8979,28.29414],[89.81693,28.25629],[89.79913,28.23823]]}},{"type":"Feature","properties":{},"geometry":{"type":"LineString","coordinates":[[89.79913,28.23823],[89.7498,28.18818],[89.6527,28.15831],[89.53689,28.10743],[89.48067,28.05994],[89.39592,27.95814],[89.16048,27.71128],[89.1163,27.62098]]}},{"type":"Feature","properties":{},"geometry":{"type":"LineString","coordinates":[[89.1163,27.62098],[89.1024,27.59255],[89.02132,27.51497]]}},{"type":"Feature","properties":{},"geometry":{"type":"LineString","coordinates":[[89.02132,27.51497],[88.94757,27.46401],[88.89135,27.31606]]}},{"type":"Feature","properties":{},"geometry":{"type":"LineString","coordinates":[[75.30365,32.31758],[75.33352,32.27922],[75.32468,32.21527],[75.25415,32.14031],[75.1388,32.10476],[75.07152,32.08933],[74.73945,31.94885],[74.63579,31.88973],[74.55553,31.81857],[74.52603,31.76514],[74.51001,31.71295],[74.58184,31.52394],[74.59393,31.46537],[74.53497,31.26137],[74.51771,31.18559],[74.53977,31.13267],[74.61031,31.11283],[74.63284,31.03464],[74.50975,30.95966],[74.3804,30.89341],[74.33937,30.89357],[74.2156,30.76897],[74.009,30.51969],[73.89929,30.43538],[73.88271,30.35215],[73.92461,30.28161],[73.9334,30.22208],[73.88653,30.16204],[73.80917,30.09336],[73.65807,30.03321],[73.46748,29.97169],[73.3816,29.93435],[73.23112,29.55063],[73.12833,29.36392],[72.94876,29.08882],[72.90328,29.02877],[72.62562,28.89614],[72.34192,28.75191],[72.29195,28.69729],[72.23387,28.5658],[72.17919,28.42178],[72.12855,28.34636],[71.94799,28.1773],[71.88887,28.04749],[71.87027,27.96251],[71.71669,27.91509],[71.543,27.86988],[71.29015,27.85525],[71.18473,27.83163],[70.87493,27.71443],[70.79793,27.70963],[70.73737,27.72903],[70.69158,27.769],[70.6491,27.83533],[70.62905,27.93744],[70.56926,27.98377],[70.4886,28.02315],[70.40369,28.02506],[70.31843,27.98165],[70.24432,27.93414],[70.14459,27.84902],[70.04981,27.69474],[69.89628,27.47362],[69.72482,27.31267],[69.62157,27.22808],[69.56793,27.17459],[69.53703,27.12294],[69.4945,26.95417],[69.47,26.80446],[69.48127,26.77098],[69.50695,26.74266],[69.60064,26.69909],[69.73588,26.62703],[69.91142,26.58613],[70.05932,26.57874],[70.11461,26.54804],[70.14769,26.50644],[70.15689,26.47143],[70.14924,26.34754],[70.1326,26.21478],[70.07772,26.07195],[70.07865,25.99004],[70.10025,25.91005],[70.26463,25.70654],[70.3252,25.68572],[70.44855,25.68133],[70.50591,25.68531],[70.56957,25.70598],[70.61479,25.69192],[70.64848,25.66693],[70.65722,25.62577],[70.65205,25.42289],[70.70249,25.33106],[70.80046,25.20585],[70.87777,25.06299],[70.95084,24.89161],[71.02071,24.75766],[71.04789,24.68774],[71.00236,24.6539],[70.97632,24.61876],[70.96981,24.57189],[70.97932,24.52246],[70.97322,24.48742],[71.00624,24.44435],[71.04531,24.43001],[71.04402,24.40009],[70.98283,24.36102],[70.92816,24.36234],[70.8862,24.34376],[70.80506,24.26198],[70.76729,24.24539],[70.71634,24.23798],[70.65949,24.24612],[70.57934,24.27904],[70.55588,24.3311],[70.56503,24.38577],[70.54678,24.4183],[70.48927,24.41218],[70.28907,24.35632],[70.09818,24.28748],[70.06516,24.24056],[70.02113,24.19157],[69.93375,24.17137],[69.80518,24.16524],[69.71619,24.17261],[69.5592,24.27309],[69.44344,24.27537],[69.11953,24.26865],[69.05153,24.28632],[68.98455,24.27309],[68.90084,24.29245],[68.86342,24.26648],[68.82828,24.264],[68.79997,24.30906],[68.78116,24.31371],[68.75894,24.30725],[68.73961,24.29201],[68.72814,24.26563],[68.72411,23.96469],[68.48872,23.96725],[68.38128,23.95089],[68.28253,23.92797],[68.16507,23.8573]]}},{"type":"Feature","properties":{},"geometry":{"type":"LineString","coordinates":[[36.69444,45.6217],[36.69102,45.43085],[36.6592,45.3466],[36.58871,45.30035],[36.63623,45.26033],[36.6169,45.22758],[36.50875,45.19971],[36.53689,45.13204],[36.59717,45.03053],[36.6119,44.95328]]}},{"type":"Feature","properties":{},"geometry":{"type":"LineString","coordinates":[[75.31926,34.58241],[75.26407,34.60135],[75.18754,34.63902],[75.11844,34.63683],[74.95189,34.64587],[74.59413,34.71576],[74.30041,34.7654],[74.05587,34.68067],[73.9612,34.65347],[73.81212,34.42234],[73.79449,34.37824],[73.80994,34.32532],[73.92456,34.28783],[73.97236,34.23662],[73.97944,34.1913],[73.90389,34.108],[73.9041,34.07567],[73.92239,34.04309],[73.94988,34.0188],[74.11256,34.00369],[74.20899,34.0034],[74.24651,33.99017],[74.2509,33.94609],[74.2156,33.88656],[74.0784,33.83866],[74.00099,33.78817],[73.9765,33.72128],[73.97758,33.66782],[74.00399,33.63244],[74.06977,33.5917],[74.13127,33.54508],[74.14998,33.507],[74.14259,33.45535],[74.11778,33.38411],[74.0504,33.30125],[73.99422,33.24221],[73.98983,33.22118],[74.00378,33.18945],[74.12626,33.07542],[74.22206,33.02031],[74.28356,33.00512],[74.30361,32.99181],[74.32273,32.92799],[74.32996,32.86084],[74.30552,32.81043]]}},{"type":"Feature","properties":{},"geometry":{"type":"LineString","coordinates":[[34.07808,9.46074],[34.07935,9.51348],[34.12033,9.72969],[34.15908,9.8534],[34.18523,9.91857],[34.29148,10.12476],[34.31122,10.19085],[34.31484,10.25157],[34.27567,10.52814],[34.34398,10.65863],[34.43142,10.78784],[34.508,10.84288],[34.57182,10.88019],[34.60174,10.86456],[34.67497,10.80495],[34.77124,10.74617],[34.8162,10.75916],[34.88229,10.81055],[34.93139,10.86479],[34.92493,10.96212],[34.96916,11.16177],[34.96069,11.27678],[35.00792,11.41987],[35.05965,11.62105],[35.08275,11.74828],[35.11236,11.81657],[35.25245,11.95702],[35.37276,12.15559],[35.4496,12.30059],[35.5961,12.53732],[35.67021,12.62375],[35.73056,12.66104],[35.82058,12.68486],[36.10749,12.72646],[36.12522,12.75705],[36.13529,12.80534],[36.13705,12.91112],[36.1601,13.09331],[36.21224,13.27108],[36.27353,13.40575],[36.30686,13.46685],[36.34629,13.52628],[36.39068,13.62609],[36.44711,13.84202],[36.44396,13.98845],[36.52431,14.25686]]}},{"type":"Feature","properties":{},"geometry":{"type":"LineString","coordinates":[[31.94826,-25.95759],[31.87147,-25.98162],[31.64048,-25.86731],[31.41512,-25.74654],[31.38261,-25.74298],[31.33517,-25.75559],[31.20733,-25.84333],[31.08806,-25.98069],[31.03328,-26.09773],[30.80337,-26.41343],[30.78906,-26.45544],[30.78751,-26.61362],[30.79428,-26.76431],[30.80673,-26.78529],[30.88331,-26.79242],[30.93809,-26.91577],[31.06335,-27.1123],[31.27399,-27.23839],[31.46953,-27.29554],[31.74254,-27.30996],[31.95839,-27.30588],[31.94604,-27.17359],[31.96718,-26.96068],[31.99467,-26.81748],[32.02485,-26.81118],[32.08169,-26.82482],[32.1129,-26.8395]]}},{"type":"Feature","properties":{},"geometry":{"type":"LineString","coordinates":[[32.1129,-26.8395],[32.10598,-26.51998],[32.07792,-26.44981],[32.04831,-26.34718],[32.04138,-26.28129],[32.05999,-26.21509],[32.06887,-26.11014],[32.0605,-26.01831],[31.96847,-25.97221],[31.94826,-25.95759]]}},{"type":"Feature","properties":{},"geometry":{"type":"LineString","coordinates":[[76.76687,35.6617],[76.63184,35.72937],[76.56342,35.77298],[76.55128,35.88706],[76.50203,35.87822],[76.38576,35.83714],[76.25166,35.81092],[76.17781,35.81053],[76.14784,35.82903],[76.10329,35.94923],[76.07084,35.983],[76.01048,35.99636],[75.94511,36.0176],[75.9123,36.04896],[75.90486,36.08847],[75.9341,36.13392],[75.96862,36.16885],[75.97441,36.38243]]}},{"type":"Feature","properties":{},"geometry":{"type":"LineString","coordinates":[[27.33247,5.18635],[27.40332,5.1092],[27.43924,5.03923],[27.49101,4.96755],[27.66418,4.84601],[27.71927,4.77834],[27.76144,4.70323],[27.7881,4.64468],[27.84164,4.59776],[27.91662,4.56794],[27.9807,4.5321],[28.01982,4.47939],[28.07863,4.42479],[28.19211,4.35023],[28.2473,4.34855],[28.31102,4.33803],[28.36724,4.31868],[28.42755,4.32415],[28.5248,4.37286],[28.63952,4.45451],[28.72706,4.505],[28.93935,4.48706],[29.05738,4.44593],[29.15143,4.38821],[29.22491,4.39188],[29.38485,4.49841],[29.46965,4.61181],[29.55208,4.63605],[29.67688,4.5869],[29.77987,4.48097],[29.87025,4.32713],[29.93402,4.26853],[30.02135,4.17765],[30.19488,3.98193],[30.42071,3.8839],[30.5083,3.83571],[30.53693,3.78719],[30.55352,3.72293],[30.55935,3.6528],[30.58669,3.6242],[30.69991,3.64409],[30.75717,3.6242],[30.79696,3.57317],[30.83856,3.49072]]}},{"type":"Feature","properties":{},"geometry":{"type":"LineString","coordinates":[[24.0,8.69834],[24.04818,8.69133],[24.1474,8.66564]]}},{"type":"Feature","properties":{},"geometry":{"type":"LineString","coordinates":[[46.11443,38.87778],[46.17013,38.86905],[46.31772,38.91266],[46.49063,38.90667]]}},{"type":"Feature","properties":{},"geometry":{"type":"MultiLineString","coordinates":[[[44.78334,39.68466],[44.83817,39.62908],[45.00018,39.42354],[45.07165,39.36289],[45.11309,39.31155],[45.14126,39.2543],[45.19066,39.21564],[45.25593,39.19466],[45.33551,39.13914],[45.3892,39.09591],[45.47963,39.00625],[45.57503,38.97282],[45.92188,38.90791],[46.11443,38.87778]],[[46.49063,38.90667],[46.55481,38.9044],[46.78317,39.08741],[46.85257,39.14841],[46.98889,39.18019],[47.06548,39.2529],[47.18837,39.34096],[47.47615,39.49836],[47.58178,39.54337],[47.77288,39.64859],[47.89225,39.68507],[47.99586,39.68393],[48.1511,39.56053],[48.28174,39.44834],[48.32215,39.39909],[48.25724,39.35496],[48.13601,39.31236],[48.11286,39.28109],[48.10438,39.24109],[48.10914,39.20283],[48.12547,39.17161],[48.27409,39.09911],[48.29104,39.05927],[48.29207,39.01886],[48.27512,38.99362],[48.242,38.97894],[48.13854,38.95863],[48.05007,38.93499],[47.99266,38.88429],[47.99648,38.85375],[48.02325,38.81905],[48.20469,38.72415],[48.26127,38.64229],[48.30556,38.61348],[48.38126,38.60563],[48.41744,38.58625],[48.59267,38.41107],[48.63551,38.39874],[48.84036,38.43727],[48.86873,38.43551]]]}},{"type":"Feature","properties":{},"geometry":{"type":"LineString","coordinates":[[81.01023,30.16452],[80.96615,30.18002],[80.90765,30.17191],[80.84817,30.13976],[80.8199,30.11935],[80.6841,29.99432],[80.61289,29.95585],[80.54907,29.89978],[80.40184,29.73025],[80.31689,29.57207],[80.25487,29.42332],[80.25596,29.31803],[80.23296,29.19463],[80.16956,29.12432],[80.13049,29.10039],[80.0846,28.99417],[80.05163,28.87033],[80.0707,28.83018],[80.22656,28.72336],[80.41859,28.61203],[80.47915,28.6049],[80.51791,28.66518],[80.587,28.64962],[80.75076,28.53971],[81.16893,28.33501],[81.239,28.24086],[81.31083,28.17637],[81.48601,28.06222],[81.75721,27.91383],[81.85261,27.86708],[81.89684,27.87447],[81.94521,27.89928],[81.98764,27.91375],[82.03699,27.9006],[82.11187,27.86497],[82.28772,27.75655],[82.45138,27.67183],[82.62992,27.68707],[82.67736,27.67345],[82.71085,27.59666],[82.73338,27.51899],[82.9328,27.46768],[83.06401,27.44455],[83.21387,27.40228],[83.28973,27.37102],[83.36941,27.41027],[83.38393,27.44481],[83.44713,27.46535],[83.55162,27.45636],[83.74696,27.39595],[83.82882,27.37781],[83.89718,27.43512],[84.02483,27.46168],[84.09107,27.49135],[84.22977,27.42784],[84.48082,27.3482],[84.61022,27.2987],[84.64076,27.24986],[84.65481,27.20366],[84.65383,27.09168],[84.6854,27.04104],[84.93717,26.92688],[85.02006,26.87851],[85.08734,26.86296],[85.12538,26.861],[85.15153,26.84663],[85.17411,26.78157],[85.19178,26.76653],[85.2402,26.75036],[85.29302,26.741],[85.56845,26.83983],[85.6484,26.82898],[85.69992,26.78162],[85.70741,26.71266],[85.73733,26.63974],[85.79459,26.60416],[85.85572,26.60019],[86.00729,26.64938],[86.1294,26.61171],[86.24159,26.59802],[86.36613,26.5744],[86.54364,26.49601],[86.70141,26.43505],[86.76249,26.44193],[87.01643,26.55543],[87.03792,26.54161],[87.08955,26.43322],[87.1668,26.39425],[87.28742,26.3603],[87.41356,26.42296],[87.51304,26.405],[87.63334,26.39911],[87.74878,26.42932],[87.84924,26.43689],[87.99507,26.38237],[88.02701,26.39503],[88.05491,26.43001],[88.16158,26.72478],[88.15723,26.8073],[88.11104,26.92846],[87.99316,27.08607],[87.98443,27.13395],[88.02412,27.40887],[88.06789,27.56736],[88.10556,27.64245],[88.147,27.74921],[88.15424,27.79869],[88.15031,27.84331],[88.1098,27.8706]]}},{"type":"Feature","properties":{},"geometry":{"type":"LineString","coordinates":[[75.97441,36.38243],[75.93302,36.52157],[75.88501,36.60071],[75.84026,36.6497],[75.7722,36.69492],[75.6672,36.74197],[75.57371,36.75931],[75.46023,36.72505],[75.42416,36.73822],[75.37688,36.88372],[75.34665,36.91346],[75.14521,36.97322],[75.05395,36.98715],[74.94915,36.96834],[74.88931,36.95242],[74.76601,37.01273],[74.69222,37.03572],[74.60065,37.03665],[74.54137,37.02218]]}}]}